Location,Type of ownership,Rating,Salary,Cost of Living Index,Adjusted salary
"New York, NY",Nonprofit Organization,3.2,51500.0,1.28,40234
"New York, NY",Nonprofit Organization,3.8,51500.0,1.28,40234
"New York, NY",Company - Private,3.4,51500.0,1.28,40234
"New York, NY",Subsidiary or Business Segment,4.1,51500.0,1.28,40234
"New York, NY",Company - Private,3.9,51500.0,1.28,40234
"New York, NY",Company - Private,3.9,51500.0,1.28,40234
"New York, NY",Company - Private,4.4,51500.0,1.28,40234
"New York, NY",Company - Private,3.7,51500.0,1.28,40234
"New York, NY",Company - Public,4.0,51500.0,1.28,40234
"New York, NY",Company - Private,4.4,51500.0,1.28,40234
"New York, NY",Hospital,4.0,51500.0,1.28,40234
"New York, NY",Nonprofit Organization,3.7,51500.0,1.28,40234
"New York, NY",Company - Private,3.0,51500.0,1.28,40234
"New York, NY",Company - Private,3.6,51500.0,1.28,40234
"New York, NY",Subsidiary or Business Segment,3.8,51500.0,1.28,40234
"New York, NY",Nonprofit Organization,3.8,51500.0,1.28,40234
"New York, NY",Nonprofit Organization,3.9,51500.0,1.28,40234
"New York, NY",Company - Private,4.9,51500.0,1.28,40234
"New York, NY",Company - Public,4.4,51500.0,1.28,40234
"New York, NY",Company - Public,-1.0,51500.0,1.28,40234
"New York, NY",Company - Public,3.3,51500.0,1.28,40234
"New York, NY",Company - Private,3.5,51500.0,1.28,40234
"New York, NY",Unknown,3.8,51500.0,1.28,40234
"New York, NY",Company - Private,4.0,51500.0,1.28,40234
"New York, NY",Company - Private,5.0,51500.0,1.28,40234
"New York, NY",Company - Private,4.8,51500.0,1.28,40234
"New York, NY",Company - Private,3.7,51500.0,1.28,40234
"New York, NY",Company - Private,4.7,51500.0,1.28,40234
"New York, NY",Contract,3.5,66500.0,1.28,51953
"New York, NY",Company - Private,3.2,66500.0,1.28,51953
"New York, NY",Unknown,-1.0,66500.0,1.28,51953
"New York, NY",Company - Public,3.7,66500.0,1.28,51953
"New York, NY",Company - Public,-1.0,66500.0,1.28,51953
"New York, NY",Company - Private,3.6,66500.0,1.28,51953
"New York, NY",Hospital,4.0,66500.0,1.28,51953
"New York, NY",Nonprofit Organization,4.6,66500.0,1.28,51953
"New York, NY",Company - Private,-1.0,66500.0,1.28,51953
"New York, NY",Company - Public,-1.0,66500.0,1.28,51953
"New York, NY",Company - Private,5.0,66500.0,1.28,51953
"New York, NY",Company - Private,4.0,66500.0,1.28,51953
"New York, NY",Company - Private,3.0,66500.0,1.28,51953
"New York, NY",Company - Private,2.9,66500.0,1.28,51953
"New York, NY",Company - Private,4.0,66500.0,1.28,51953
"New York, NY",Company - Private,3.6,66500.0,1.28,51953
"New York, NY",Company - Private,4.9,66500.0,1.28,51953
"New York, NY",Company - Public,3.9,66500.0,1.28,51953
"New York, NY",Company - Public,4.0,66500.0,1.28,51953
"New York, NY",Company - Private,3.8,66500.0,1.28,51953
"New York, NY",Company - Private,3.6,66500.0,1.28,51953
"New York, NY",Unknown,-1.0,66500.0,1.28,51953
"New York, NY",Company - Public,4.0,66500.0,1.28,51953
"New York, NY",Company - Private,3.2,66500.0,1.28,51953
"New York, NY",Company - Private,3.8,66500.0,1.28,51953
"New York, NY",Company - Private,3.9,66500.0,1.28,51953
"New York, NY",Company - Private,4.8,69500.0,1.28,54296
"New York, NY",Company - Public,3.6,69500.0,1.28,54296
"New York, NY",Company - Public,3.6,69500.0,1.28,54296
"New York, NY",Company - Public,3.6,69500.0,1.28,54296
"New York, NY",Company - Public,4.1,69500.0,1.28,54296
"New York, NY",Company - Public,3.9,69500.0,1.28,54296
"New York, NY",Company - Private,3.0,69500.0,1.28,54296
"New York, NY",Company - Private,3.7,69500.0,1.28,54296
"New York, NY",Unknown,-1.0,69500.0,1.28,54296
"New York, NY",Company - Private,3.9,69500.0,1.28,54296
"New York, NY",Company - Private,3.7,69500.0,1.28,54296
"New York, NY",Company - Private,-1.0,69500.0,1.28,54296
"New York, NY",Company - Public,3.6,69500.0,1.28,54296
"New York, NY",Company - Public,3.7,69500.0,1.28,54296
"New York, NY",Company - Private,3.6,69500.0,1.28,54296
"New York, NY",Government,4.1,69500.0,1.28,54296
"New York, NY",Company - Public,3.5,69500.0,1.28,54296
"New York, NY",Company - Private,5.0,69500.0,1.28,54296
"New York, NY",Company - Private,4.0,69500.0,1.28,54296
"New York, NY",Company - Private,4.8,69500.0,1.28,54296
"New York, NY",Company - Private,5.0,69500.0,1.28,54296
"New York, NY",Company - Private,3.3,69500.0,1.28,54296
"New York, NY",Company - Private,4.1,69500.0,1.28,54296
"New York, NY",Company - Private,4.0,69500.0,1.28,54296
"New York, NY",Company - Private,-1.0,69500.0,1.28,54296
"New York, NY",Company - Private,1.0,69500.0,1.28,54296
"New York, NY",Company - Private,3.1,69500.0,1.28,54296
"New York, NY",Company - Private,4.5,69500.0,1.28,54296
"New York, NY",Nonprofit Organization,3.4,69500.0,1.28,54296
"New York, NY",Unknown,-1.0,69000.0,1.28,53906
"New York, NY",Company - Public,3.6,69000.0,1.28,53906
"New York, NY",Company - Public,4.1,69000.0,1.28,53906
"New York, NY",Company - Private,4.4,69000.0,1.28,53906
"New York, NY",Company - Private,3.2,69000.0,1.28,53906
"New York, NY",Company - Private,-1.0,69000.0,1.28,53906
"New York, NY",Company - Private,3.8,69000.0,1.28,53906
"New York, NY",Nonprofit Organization,2.3,69000.0,1.28,53906
"New York, NY",Company - Public,3.8,69000.0,1.28,53906
"New York, NY",Company - Private,4.6,69000.0,1.28,53906
"New York, NY",Company - Public,3.0,69000.0,1.28,53906
"New York, NY",Company - Public,3.9,69000.0,1.28,53906
"New York, NY",Company - Private,4.2,69000.0,1.28,53906
"New York, NY",Company - Private,5.0,69000.0,1.28,53906
"New York, NY",Company - Private,4.0,69000.0,1.28,53906
"New York, NY",Company - Public,3.7,69000.0,1.28,53906
"New York, NY",Company - Public,3.5,69000.0,1.28,53906
"New York, NY",Subsidiary or Business Segment,2.8,69000.0,1.28,53906
"New York, NY",Company - Private,5.0,69000.0,1.28,53906
"New York, NY",Nonprofit Organization,3.4,69000.0,1.28,53906
"New York, NY",Company - Private,-1.0,69000.0,1.28,53906
"New York, NY",Nonprofit Organization,3.2,69000.0,1.28,53906
"New York, NY",Other Organization,3.8,72000.0,1.28,56250
"New York, NY",Company - Private,3.5,72000.0,1.28,56250
"New York, NY",Company - Private,3.5,72000.0,1.28,56250
"New York, NY",Company - Private,5.0,72000.0,1.28,56250
"New York, NY",Company - Public,3.7,72000.0,1.28,56250
"New York, NY",Company - Private,3.3,72000.0,1.28,56250
"New York, NY",Company - Private,2.9,72000.0,1.28,56250
"New York, NY",Company - Public,3.6,72000.0,1.28,56250
"New York, NY",Nonprofit Organization,3.2,72000.0,1.28,56250
"New York, NY",Company - Private,3.1,72000.0,1.28,56250
"New York, NY",Company - Private,4.0,72000.0,1.28,56250
"New York, NY",Company - Private,4.3,72000.0,1.28,56250
"New York, NY",Subsidiary or Business Segment,4.1,72000.0,1.28,56250
"New York, NY",Subsidiary or Business Segment,3.1,72000.0,1.28,56250
"New York, NY",Company - Private,3.0,72000.0,1.28,56250
"New York, NY",Company - Private,2.9,72000.0,1.28,56250
"New York, NY",College / University,3.9,72000.0,1.28,56250
"New York, NY",Company - Private,4.2,72000.0,1.28,56250
"New York, NY",Nonprofit Organization,4.2,72000.0,1.28,56250
"New York, NY",Company - Private,-1.0,72000.0,1.28,56250
"New York, NY",Company - Private,5.0,72000.0,1.28,56250
"New York, NY",Company - Public,3.9,72000.0,1.28,56250
"New York, NY",Company - Private,2.9,72000.0,1.28,56250
"New York, NY",Hospital,4.0,59500.0,1.28,46484
"New York, NY",Company - Private,3.6,59500.0,1.28,46484
"New York, NY",Hospital,3.4,59500.0,1.28,46484
"New York, NY",Unknown,-1.0,59500.0,1.28,46484
"New York, NY",Company - Private,3.3,59500.0,1.28,46484
"New York, NY",Company - Private,3.2,59500.0,1.28,46484
"New York, NY",Nonprofit Organization,3.8,59500.0,1.28,46484
"New York, NY",Unknown,-1.0,59500.0,1.28,46484
"New York, NY",Hospital,3.4,59500.0,1.28,46484
"New York, NY",Nonprofit Organization,3.2,59500.0,1.28,46484
"New York, NY",Company - Private,3.3,59500.0,1.28,46484
"New York, NY",Unknown,-1.0,59500.0,1.28,46484
"New York, NY",Company - Private,3.8,59500.0,1.28,46484
"New York, NY",Company - Private,3.3,59500.0,1.28,46484
"New York, NY",Subsidiary or Business Segment,4.1,59500.0,1.28,46484
"New York, NY",Company - Private,2.9,59500.0,1.28,46484
"New York, NY",Company - Private,3.4,59500.0,1.28,46484
"New York, NY",Company - Private,3.9,59500.0,1.28,46484
"New York, NY",Nonprofit Organization,2.3,59500.0,1.28,46484
"New York, NY",Company - Public,3.6,59500.0,1.28,46484
"New York, NY",Unknown,-1.0,59500.0,1.28,46484
"New York, NY",Company - Public,3.8,59500.0,1.28,46484
"New York, NY",Company - Private,3.7,59500.0,1.28,46484
"New York, NY",Company - Private,-1.0,59500.0,1.28,46484
"New York, NY",Company - Public,3.6,59500.0,1.28,46484
"New York, NY",Company - Private,4.0,85000.0,1.28,66406
"New York, NY",Company - Private,4.1,85000.0,1.28,66406
"New York, NY",Company - Private,4.5,85000.0,1.28,66406
"New York, NY",Company - Private,3.7,85000.0,1.28,66406
"New York, NY",Company - Private,3.1,85000.0,1.28,66406
"New York, NY",Company - Public,3.7,85000.0,1.28,66406
"New York, NY",Nonprofit Organization,3.2,85000.0,1.28,66406
"New York, NY",Company - Public,3.6,85000.0,1.28,66406
"New York, NY",Company - Public,3.7,85000.0,1.28,66406
"New York, NY",Company - Private,3.1,85000.0,1.28,66406
"New York, NY",Company - Public,3.8,85000.0,1.28,66406
"New York, NY",Nonprofit Organization,4.1,85000.0,1.28,66406
"New York, NY",Hospital,3.8,85000.0,1.28,66406
"New York, NY",Nonprofit Organization,3.7,85000.0,1.28,66406
"New York, NY",Company - Private,3.3,85000.0,1.28,66406
"New York, NY",Company - Private,3.4,85000.0,1.28,66406
"New York, NY",Nonprofit Organization,3.2,85000.0,1.28,66406
"New York, NY",Company - Private,-1.0,85000.0,1.28,66406
"New York, NY",Unknown,-1.0,85000.0,1.28,66406
"New York, NY",Company - Private,5.0,85000.0,1.28,66406
"New York, NY",Company - Private,3.6,85000.0,1.28,66406
"New York, NY",Company - Private,3.0,85000.0,1.28,66406
"New York, NY",Nonprofit Organization,3.5,85000.0,1.28,66406
"New York, NY",Company - Private,1.0,85000.0,1.28,66406
"New York, NY",Company - Private,5.0,59500.0,1.28,46484
"New York, NY",Company - Private,5.0,59500.0,1.28,46484
"New York, NY",Company - Private,3.8,59500.0,1.28,46484
"New York, NY",Company - Private,4.1,59500.0,1.28,46484
"New York, NY",Unknown,-1.0,59500.0,1.28,46484
"New York, NY",Company - Private,3.5,59500.0,1.28,46484
"New York, NY",Company - Public,3.7,59500.0,1.28,46484
"New York, NY",Company - Public,4.0,59500.0,1.28,46484
"New York, NY",Company - Public,3.4,59500.0,1.28,46484
"New York, NY",Company - Private,-1.0,59500.0,1.28,46484
"New York, NY",Company - Private,3.4,59500.0,1.28,46484
"New York, NY",Company - Private,4.1,59500.0,1.28,46484
"New York, NY",Company - Private,4.2,59500.0,1.28,46484
"New York, NY",Unknown,-1.0,59500.0,1.28,46484
"New York, NY",Company - Public,2.7,59500.0,1.28,46484
"New York, NY",Company - Private,4.5,59500.0,1.28,46484
"New York, NY",Company - Public,3.5,59500.0,1.28,46484
"New York, NY",Company - Private,-1.0,59500.0,1.28,46484
"New York, NY",Nonprofit Organization,3.1,59500.0,1.28,46484
"New York, NY",Company - Public,3.9,59500.0,1.28,46484
"New York, NY",Company - Public,3.2,66500.0,1.28,51953
"New York, NY",Company - Private,3.3,66500.0,1.28,51953
"New York, NY",Company - Public,3.6,66500.0,1.28,51953
"New York, NY",Nonprofit Organization,3.1,66500.0,1.28,51953
"New York, NY",College / University,3.9,66500.0,1.28,51953
"New York, NY",Company - Public,4.0,66500.0,1.28,51953
"New York, NY",Company - Private,3.9,66500.0,1.28,51953
"New York, NY",Company - Public,3.8,100000.0,1.28,78125
"New York, NY",Company - Private,4.9,100000.0,1.28,78125
"New York, NY",Unknown,-1.0,100000.0,1.28,78125
"New York, NY",Company - Public,3.6,100000.0,1.28,78125
"New York, NY",Unknown,-1.0,100000.0,1.28,78125
"New York, NY",Company - Public,3.2,100000.0,1.28,78125
"New York, NY",Company - Private,2.9,100000.0,1.28,78125
"New York, NY",Company - Private,2.3,100000.0,1.28,78125
"New York, NY",Company - Private,-1.0,100000.0,1.28,78125
"New York, NY",Company - Private,4.2,100000.0,1.28,78125
"New York, NY",Company - Private,3.1,100000.0,1.28,78125
"New York, NY",Nonprofit Organization,3.9,100000.0,1.28,78125
"New York, NY",Company - Private,4.5,100000.0,1.28,78125
"New York, NY",Company - Private,4.0,87000.0,1.28,67968
"New York, NY",Company - Private,2.6,87000.0,1.28,67968
"New York, NY",Company - Private,-1.0,87000.0,1.28,67968
"New York, NY",Company - Private,3.9,87000.0,1.28,67968
"New York, NY",Company - Public,3.8,87000.0,1.28,67968
"New York, NY",Company - Public,5.0,87000.0,1.28,67968
"New York, NY",Company - Private,3.8,87000.0,1.28,67968
"New York, NY",Company - Private,3.9,87000.0,1.28,67968
"New York, NY",Unknown,-1.0,87000.0,1.28,67968
"New York, NY",Company - Private,4.8,87000.0,1.28,67968
"New York, NY",Company - Public,3.8,87000.0,1.28,67968
"New York, NY",Nonprofit Organization,3.1,39500.0,1.28,30859
"New York, NY",Company - Private,3.5,39500.0,1.28,30859
"New York, NY",Company - Private,4.0,39500.0,1.28,30859
"New York, NY",Company - Public,3.2,39500.0,1.28,30859
"New York, NY",Company - Public,3.3,39500.0,1.28,30859
"New York, NY",Company - Public,3.6,39500.0,1.28,30859
"New York, NY",Company - Private,-1.0,39500.0,1.28,30859
"New York, NY",Company - Private,3.6,39500.0,1.28,30859
"New York, NY",Company - Private,4.3,39500.0,1.28,30859
"New York, NY",Company - Private,4.0,39500.0,1.28,30859
"New York, NY",Subsidiary or Business Segment,3.7,39500.0,1.28,30859
"New York, NY",Nonprofit Organization,3.1,39500.0,1.28,30859
"New York, NY",Unknown,-1.0,39500.0,1.28,30859
"New York, NY",Subsidiary or Business Segment,4.1,39500.0,1.28,30859
"New York, NY",Company - Private,3.4,39500.0,1.28,30859
"New York, NY",Company - Private,4.8,39500.0,1.28,30859
"New York, NY",Company - Public,3.2,39500.0,1.28,30859
"New York, NY",Hospital,3.8,39500.0,1.28,30859
"New York, NY",Company - Private,4.0,58000.0,1.28,45312
"New York, NY",Company - Private,3.5,58000.0,1.28,45312
"New York, NY",Company - Private,4.1,58000.0,1.28,45312
"New York, NY",Nonprofit Organization,3.1,58000.0,1.28,45312
"New York, NY",Nonprofit Organization,3.1,58000.0,1.28,45312
"New York, NY",Company - Private,3.9,58000.0,1.28,45312
"New York, NY",Nonprofit Organization,3.2,58000.0,1.28,45312
"New York, NY",Company - Public,3.8,58000.0,1.28,45312
"New York, NY",Company - Public,3.5,58000.0,1.28,45312
"New York, NY",Unknown,-1.0,58000.0,1.28,45312
"New York, NY",Company - Private,3.6,58000.0,1.28,45312
"New York, NY",Company - Public,3.9,58000.0,1.28,45312
"New York, NY",Company - Private,-1.0,58000.0,1.28,45312
"New York, NY",Nonprofit Organization,2.4,58000.0,1.28,45312
"New York, NY",Company - Private,4.0,58000.0,1.28,45312
"New York, NY",Company - Private,4.0,58000.0,1.28,45312
"New York, NY",Company - Private,4.0,58000.0,1.28,45312
"New York, NY",Nonprofit Organization,3.2,58000.0,1.28,45312
"New York, NY",Company - Private,2.5,58000.0,1.28,45312
"New York, NY",Company - Public,3.9,104500.0,1.28,81640
"New York, NY",Nonprofit Organization,2.4,104500.0,1.28,81640
"New York, NY",Company - Private,2.8,104500.0,1.28,81640
"New York, NY",Company - Private,4.4,104500.0,1.28,81640
"New York, NY",Company - Private,4.8,104500.0,1.28,81640
"New York, NY",Company - Public,2.8,104500.0,1.28,81640
"New York, NY",Company - Private,5.0,104500.0,1.28,81640
"New York, NY",Company - Public,3.7,104500.0,1.28,81640
"New York, NY",Company - Private,4.0,104500.0,1.28,81640
"New York, NY",Company - Private,4.2,104500.0,1.28,81640
"New York, NY",Unknown,-1.0,104500.0,1.28,81640
"New York, NY",Nonprofit Organization,2.0,104500.0,1.28,81640
"New York, NY",Company - Public,-1.0,104500.0,1.28,81640
"New York, NY",Unknown,-1.0,104500.0,1.28,81640
"New York, NY",Company - Private,5.0,104500.0,1.28,81640
"New York, NY",Company - Private,3.4,104500.0,1.28,81640
"New York, NY",Subsidiary or Business Segment,2.8,104500.0,1.28,81640
"New York, NY",Company - Private,4.5,104500.0,1.28,81640
"New York, NY",Hospital,4.0,104500.0,1.28,81640
"New York, NY",Company - Private,3.2,106000.0,1.28,82812
"New York, NY",Company - Public,2.8,106000.0,1.28,82812
"New York, NY",Hospital,3.4,106000.0,1.28,82812
"New York, NY",Company - Private,3.5,106000.0,1.28,82812
"New York, NY",Company - Private,3.7,106000.0,1.28,82812
"New York, NY",Company - Public,3.6,106000.0,1.28,82812
"New York, NY",Nonprofit Organization,2.7,106000.0,1.28,82812
"New York, NY",Company - Private,2.5,106000.0,1.28,82812
"New York, NY",Company - Private,4.4,106000.0,1.28,82812
"New York, NY",Company - Private,4.3,106000.0,1.28,82812
"New York, NY",Company - Private,5.0,106000.0,1.28,82812
"New York, NY",Company - Private,4.4,106000.0,1.28,82812
"New York, NY",Company - Public,5.0,106000.0,1.28,82812
"New York, NY",Unknown,3.4,106000.0,1.28,82812
"New York, NY",Company - Private,4.2,106000.0,1.28,82812
"New York, NY",Company - Private,3.4,106000.0,1.28,82812
"New York, NY",Company - Private,3.1,106000.0,1.28,82812
"New York, NY",Company - Private,4.0,106000.0,1.28,82812
"New York, NY",Company - Private,4.3,72000.0,1.28,56250
"New York, NY",Unknown,3.4,72000.0,1.28,56250
"New York, NY",Company - Private,-1.0,72000.0,1.28,56250
"New York, NY",Unknown,-1.0,72000.0,1.28,56250
"New York, NY",Company - Private,5.0,72000.0,1.28,56250
"New York, NY",Company - Public,3.2,72000.0,1.28,56250
"New York, NY",Company - Private,3.1,72000.0,1.28,56250
"New York, NY",Company - Private,3.4,72000.0,1.28,56250
"Salt Lake City, UT",Government,-1.0,36500.0,1.0590000000000002,34466
"Salt Lake City, UT",College / University,4.2,36500.0,1.0590000000000002,34466
"Salt Lake City, UT",Company - Private,3.6,36500.0,1.0590000000000002,34466
"Salt Lake City, UT",Company - Private,4.3,36500.0,1.0590000000000002,34466
"Salt Lake City, UT",Company - Public,4.0,36500.0,1.0590000000000002,34466
"Salt Lake City, UT",Company - Private,4.3,36500.0,1.0590000000000002,34466
"Salt Lake City, UT",Company - Private,4.5,36500.0,1.0590000000000002,34466
"Salt Lake City, UT",Company - Private,4.6,36500.0,1.0590000000000002,34466
"Salt Lake City, UT",Company - Public,4.0,36500.0,1.0590000000000002,34466
"Salt Lake City, UT",Company - Private,4.1,36500.0,1.0590000000000002,34466
"Salt Lake City, UT",Company - Private,3.6,36500.0,1.0590000000000002,34466
"Salt Lake City, UT",Company - Private,2.6,36500.0,1.0590000000000002,34466
"Salt Lake City, UT",Company - Public,3.6,36500.0,1.0590000000000002,34466
"Salt Lake City, UT",Company - Private,2.9,36500.0,1.0590000000000002,34466
"Salt Lake City, UT",Company - Public,3.4,36500.0,1.0590000000000002,34466
"Salt Lake City, UT",Unknown,-1.0,36500.0,1.0590000000000002,34466
"Salt Lake City, UT",Company - Private,4.5,36500.0,1.0590000000000002,34466
"Salt Lake City, UT",Unknown,-1.0,36500.0,1.0590000000000002,34466
"Salt Lake City, UT",Company - Private,5.0,36500.0,1.0590000000000002,34466
"Salt Lake City, UT",Company - Private,4.0,45000.0,1.0590000000000002,42492
"Salt Lake City, UT",Company - Private,2.9,45000.0,1.0590000000000002,42492
"Salt Lake City, UT",Company - Private,4.2,45000.0,1.0590000000000002,42492
"Visalia, CA",School / School District,3.7,64000.0,1.036,61776
"Hanford, CA",Nonprofit Organization,3.3,64000.0,1.054,60721
"Virginia Beach, VA",Company - Private,3.1,56000.0,0.99,56565
"Gainesville, FL",Company - Private,5.0,42000.0,0.973,43165
"Gainesville, FL",Company - Private,5.0,42000.0,0.973,43165
"Gainesville, FL",College / University,4.3,42000.0,0.973,43165
"Gainesville, FL",Nonprofit Organization,3.1,42000.0,0.973,43165
"Gainesville, FL",Company - Private,5.0,42000.0,0.973,43165
"Gainesville, FL",Company - Private,5.0,42000.0,0.973,43165
"Gainesville, FL",Nonprofit Organization,3.3,42000.0,0.973,43165
"Los Angeles, CA",Company - Private,3.7,79000.0,1.406,56187
"Los Angeles, CA",Company - Private,5.0,79000.0,1.406,56187
"Los Angeles, CA",Company - Private,5.0,79000.0,1.406,56187
"Los Angeles, CA",Subsidiary or Business Segment,5.0,79000.0,1.406,56187
"Los Angeles, CA",Company - Private,3.6,79000.0,1.406,56187
"Los Angeles, CA",Company - Private,4.3,79000.0,1.406,56187
"Los Angeles, CA",Company - Private,3.2,79000.0,1.406,56187
"Los Angeles, CA",Company - Private,4.5,79000.0,1.406,56187
"Los Angeles, CA",Company - Private,4.3,79000.0,1.406,56187
"Los Angeles, CA",Contract,-1.0,79000.0,1.406,56187
"Los Angeles, CA",Company - Private,4.0,79000.0,1.406,56187
"Los Angeles, CA",Company - Private,-1.0,79000.0,1.406,56187
"Los Angeles, CA",Company - Private,3.5,79000.0,1.406,56187
"Los Angeles, CA",Company - Private,3.4,79000.0,1.406,56187
"Los Angeles, CA",Nonprofit Organization,3.9,79000.0,1.406,56187
"Los Angeles, CA",Unknown,-1.0,79000.0,1.406,56187
"Los Angeles, CA",Company - Private,4.0,79000.0,1.406,56187
"Los Angeles, CA",Nonprofit Organization,-1.0,53500.0,1.406,38051
"Los Angeles, CA",Company - Private,4.1,53500.0,1.406,38051
"Los Angeles, CA",Company - Private,3.1,53500.0,1.406,38051
"Los Angeles, CA",Company - Public,-1.0,53500.0,1.406,38051
"Los Angeles, CA",Nonprofit Organization,3.9,53500.0,1.406,38051
"Los Angeles, CA",College / University,4.2,53500.0,1.406,38051
"Los Angeles, CA",Company - Private,4.1,53500.0,1.406,38051
"Los Angeles, CA",Company - Public,3.9,53500.0,1.406,38051
"Los Angeles, CA",Nonprofit Organization,3.9,53500.0,1.406,38051
"Los Angeles, CA",Company - Private,3.9,53500.0,1.406,38051
"Los Angeles, CA",Nonprofit Organization,4.7,53500.0,1.406,38051
"Los Angeles, CA",Company - Private,4.0,53500.0,1.406,38051
"Los Angeles, CA",Company - Private,5.0,53500.0,1.406,38051
"Los Angeles, CA",Company - Public,5.0,80000.0,1.406,56899
"Los Angeles, CA",Company - Private,3.2,80000.0,1.406,56899
"Los Angeles, CA",Unknown,-1.0,80000.0,1.406,56899
"Los Angeles, CA",Company - Private,4.5,80000.0,1.406,56899
"Los Angeles, CA",Unknown,-1.0,80000.0,1.406,56899
"Los Angeles, CA",Nonprofit Organization,3.1,80000.0,1.406,56899
"Los Angeles, CA",Government,3.6,80000.0,1.406,56899
"Los Angeles, CA",Company - Private,3.3,80000.0,1.406,56899
"Los Angeles, CA",Company - Public,3.7,80000.0,1.406,56899
"Los Angeles, CA",Subsidiary or Business Segment,4.6,80000.0,1.406,56899
"Los Angeles, CA",Company - Public,3.9,80000.0,1.406,56899
"Los Angeles, CA",Nonprofit Organization,3.8,80000.0,1.406,56899
"Los Angeles, CA",Company - Private,3.9,80000.0,1.406,56899
"Los Angeles, CA",Company - Private,3.4,80000.0,1.406,56899
"Los Angeles, CA",Company - Public,3.5,80000.0,1.406,56899
"Los Angeles, CA",Company - Public,4.0,80000.0,1.406,56899
"Los Angeles, CA",Nonprofit Organization,5.0,80000.0,1.406,56899
"Los Angeles, CA",Company - Private,4.5,80000.0,1.406,56899
"Los Angeles, CA",Company - Public,4.0,80000.0,1.406,56899
"Los Angeles, CA",Company - Public,3.5,80000.0,1.406,56899
"Los Angeles, CA",Company - Private,2.1,80000.0,1.406,56899
"Los Angeles, CA",Company - Private,5.0,40000.0,1.406,28449
"Los Angeles, CA",Company - Private,-1.0,40000.0,1.406,28449
"Los Angeles, CA",Company - Private,3.8,40000.0,1.406,28449
"Los Angeles, CA",Subsidiary or Business Segment,3.6,40000.0,1.406,28449
"Los Angeles, CA",Company - Private,4.9,40000.0,1.406,28449
"Los Angeles, CA",Unknown,-1.0,40000.0,1.406,28449
"Los Angeles, CA",Subsidiary or Business Segment,3.6,40000.0,1.406,28449
"Los Angeles, CA",Unknown,-1.0,40000.0,1.406,28449
"Los Angeles, CA",Company - Private,3.4,40000.0,1.406,28449
"Los Angeles, CA",Unknown,-1.0,40000.0,1.406,28449
"Los Angeles, CA",Company - Public,4.1,40000.0,1.406,28449
"Los Angeles, CA",Company - Private,3.5,40000.0,1.406,28449
"Los Angeles, CA",Company - Public,3.7,40000.0,1.406,28449
"Los Angeles, CA",Company - Private,3.6,40000.0,1.406,28449
"Los Angeles, CA",Company - Private,4.6,40000.0,1.406,28449
"Los Angeles, CA",Company - Private,3.8,40000.0,1.406,28449
"Los Angeles, CA",Company - Public,3.7,54000.0,1.406,38406
"Los Angeles, CA",Company - Private,4.0,54000.0,1.406,38406
"Los Angeles, CA",Subsidiary or Business Segment,3.6,54000.0,1.406,38406
"Los Angeles, CA",Company - Private,4.2,54000.0,1.406,38406
"Los Angeles, CA",Company - Private,3.1,54000.0,1.406,38406
"Los Angeles, CA",Unknown,-1.0,73000.0,1.406,51920
"Los Angeles, CA",Company - Public,2.6,73000.0,1.406,51920
"Los Angeles, CA",Nonprofit Organization,3.3,73000.0,1.406,51920
"Los Angeles, CA",Company - Private,2.5,73000.0,1.406,51920
"Los Angeles, CA",Company - Public,-1.0,122500.0,1.406,87126
"Los Angeles, CA",Company - Private,4.0,122500.0,1.406,87126
"Los Angeles, CA",Nonprofit Organization,2.4,122500.0,1.406,87126
"Los Angeles, CA",Company - Private,3.8,122500.0,1.406,87126
"Chicago, IL",Company - Public,3.9,63000.0,1.001,62937
"Chicago, IL",Company - Private,3.7,63000.0,1.001,62937
"Chicago, IL",Company - Private,3.7,63000.0,1.001,62937
"Chicago, IL",Company - Private,5.0,63000.0,1.001,62937
"Chicago, IL",Company - Private,3.2,63000.0,1.001,62937
"Chicago, IL",Company - Public,3.4,63000.0,1.001,62937
"Chicago, IL",Subsidiary or Business Segment,3.8,63000.0,1.001,62937
"Chicago, IL",Company - Private,2.8,63000.0,1.001,62937
"Chicago, IL",Company - Public,3.3,63000.0,1.001,62937
"Chicago, IL",Company - Private,3.7,63000.0,1.001,62937
"Chicago, IL",College / University,4.0,63000.0,1.001,62937
"Chicago, IL",Company - Private,3.9,63000.0,1.001,62937
"Chicago, IL",Company - Private,-1.0,63000.0,1.001,62937
"Chicago, IL",Company - Private,3.3,63000.0,1.001,62937
"Chicago, IL",Nonprofit Organization,3.3,63000.0,1.001,62937
"Chicago, IL",Company - Private,4.7,63000.0,1.001,62937
"Chicago, IL",Contract,4.3,63000.0,1.001,62937
"Chicago, IL",Subsidiary or Business Segment,3.2,63000.0,1.001,62937
"Chicago, IL",School / School District,3.5,63000.0,1.001,62937
"Chicago, IL",Government,3.3,63000.0,1.001,62937
"Chicago, IL",Private Practice / Firm,3.8,63000.0,1.001,62937
"Chicago, IL",Company - Private,3.8,63000.0,1.001,62937
"Chicago, IL",Company - Public,3.7,63000.0,1.001,62937
"Chicago, IL",Subsidiary or Business Segment,3.2,63000.0,1.001,62937
"Chicago, IL",Company - Private,4.2,77500.0,1.001,77422
"Chicago, IL",Company - Private,4.6,77500.0,1.001,77422
"Chicago, IL",Company - Private,3.5,77500.0,1.001,77422
"Chicago, IL",Nonprofit Organization,3.7,77500.0,1.001,77422
"Chicago, IL",Subsidiary or Business Segment,3.9,77500.0,1.001,77422
"Chicago, IL",Company - Private,-1.0,77500.0,1.001,77422
"Chicago, IL",Company - Public,3.4,77500.0,1.001,77422
"Chicago, IL",Company - Private,5.0,77500.0,1.001,77422
"Chicago, IL",Company - Private,3.5,77500.0,1.001,77422
"Chicago, IL",Company - Private,4.0,77500.0,1.001,77422
"Chicago, IL",Unknown,3.5,77500.0,1.001,77422
"Chicago, IL",Company - Private,3.6,77500.0,1.001,77422
"Chicago, IL",Government,3.0,77500.0,1.001,77422
"Chicago, IL",Unknown,-1.0,77500.0,1.001,77422
"Chicago, IL",Company - Private,-1.0,77500.0,1.001,77422
"Chicago, IL",Company - Private,3.9,77500.0,1.001,77422
"Chicago, IL",Company - Private,5.0,77500.0,1.001,77422
"Chicago, IL",Company - Private,4.7,77500.0,1.001,77422
"Chicago, IL",School / School District,3.5,77500.0,1.001,77422
"Chicago, IL",Company - Private,3.2,77500.0,1.001,77422
"Chicago, IL",Company - Private,-1.0,77500.0,1.001,77422
"Chicago, IL",Company - Private,4.6,77500.0,1.001,77422
"Chicago, IL",Company - Private,4.2,77500.0,1.001,77422
"Chicago, IL",Subsidiary or Business Segment,3.9,77500.0,1.001,77422
"Chicago, IL",Nonprofit Organization,3.9,77500.0,1.001,77422
"Chicago, IL",Company - Private,4.8,77500.0,1.001,77422
"Chicago, IL",Company - Private,4.0,79500.0,1.001,79420
"Chicago, IL",Hospital,3.9,79500.0,1.001,79420
"Chicago, IL",Company - Private,2.7,79500.0,1.001,79420
"Chicago, IL",Company - Private,4.5,79500.0,1.001,79420
"Chicago, IL",College / University,4.0,79500.0,1.001,79420
"Chicago, IL",Nonprofit Organization,3.7,79500.0,1.001,79420
"Chicago, IL",Company - Public,3.2,79500.0,1.001,79420
"Chicago, IL",Company - Private,3.2,79500.0,1.001,79420
"Chicago, IL",Company - Private,-1.0,79500.0,1.001,79420
"Chicago, IL",Company - Private,3.8,79500.0,1.001,79420
"Chicago, IL",Company - Private,3.8,79500.0,1.001,79420
"Chicago, IL",Franchise,3.9,79500.0,1.001,79420
"Chicago, IL",Company - Private,3.5,79500.0,1.001,79420
"Chicago, IL",Company - Private,3.0,79500.0,1.001,79420
"Chicago, IL",Company - Private,3.0,79500.0,1.001,79420
"Chicago, IL",Company - Private,3.9,79500.0,1.001,79420
"Chicago, IL",Company - Private,3.9,79500.0,1.001,79420
"Chicago, IL",Unknown,-1.0,79500.0,1.001,79420
"Chicago, IL",Company - Private,1.0,79500.0,1.001,79420
"Chicago, IL",Company - Public,3.7,79500.0,1.001,79420
"Chicago, IL",Company - Private,3.6,79500.0,1.001,79420
"Chicago, IL",Company - Private,2.9,79500.0,1.001,79420
"Chicago, IL",Company - Public,3.6,59000.0,1.001,58941
"Chicago, IL",Company - Private,3.3,59000.0,1.001,58941
"Chicago, IL",Company - Private,5.0,59000.0,1.001,58941
"Chicago, IL",Company - Public,2.8,59000.0,1.001,58941
"Chicago, IL",Unknown,-1.0,59000.0,1.001,58941
"Chicago, IL",Company - Private,4.2,59000.0,1.001,58941
"Chicago, IL",School / School District,3.5,59000.0,1.001,58941
"Chicago, IL",Company - Private,1.0,59000.0,1.001,58941
"Chicago, IL",Nonprofit Organization,2.9,59000.0,1.001,58941
"Chicago, IL",College / University,4.1,59000.0,1.001,58941
"Chicago, IL",Company - Public,3.7,59000.0,1.001,58941
"Chicago, IL",Company - Private,5.0,59000.0,1.001,58941
"Chicago, IL",School / School District,4.1,59000.0,1.001,58941
"Chicago, IL",Company - Private,-1.0,59000.0,1.001,58941
"Chicago, IL",Company - Private,4.5,59000.0,1.001,58941
"Chicago, IL",School / School District,3.5,59000.0,1.001,58941
"Chicago, IL",Company - Private,5.0,59000.0,1.001,58941
"Chicago, IL",Unknown,-1.0,59000.0,1.001,58941
"Chicago, IL",Company - Private,2.1,59000.0,1.001,58941
"Chicago, IL",Unknown,-1.0,59000.0,1.001,58941
"Chicago, IL",Company - Private,3.3,59000.0,1.001,58941
"Chicago, IL",Company - Private,4.5,113000.0,1.001,112887
"Chicago, IL",Company - Private,-1.0,113000.0,1.001,112887
"Chicago, IL",Company - Private,2.0,113000.0,1.001,112887
"Chicago, IL",Unknown,-1.0,113000.0,1.001,112887
"Chicago, IL",Company - Private,3.9,113000.0,1.001,112887
"Chicago, IL",Company - Public,3.7,113000.0,1.001,112887
"Chicago, IL",Company - Public,3.8,113000.0,1.001,112887
"Chicago, IL",Company - Private,3.2,113000.0,1.001,112887
"Chicago, IL",Company - Private,3.3,113000.0,1.001,112887
"Chicago, IL",Company - Private,1.7,113000.0,1.001,112887
"Chicago, IL",Company - Public,3.5,113000.0,1.001,112887
"Chicago, IL",Company - Private,5.0,113000.0,1.001,112887
"Chicago, IL",Company - Private,4.3,113000.0,1.001,112887
"Chicago, IL",Company - Private,4.6,113000.0,1.001,112887
"Chicago, IL",Company - Private,-1.0,113000.0,1.001,112887
"Chicago, IL",Company - Private,3.3,113000.0,1.001,112887
"Chicago, IL",Unknown,-1.0,113000.0,1.001,112887
"Chicago, IL",Company - Public,5.0,113000.0,1.001,112887
"Chicago, IL",Company - Public,2.2,113000.0,1.001,112887
"Chicago, IL",Company - Public,-1.0,113000.0,1.001,112887
"Chicago, IL",Company - Private,2.7,113000.0,1.001,112887
"Chicago, IL",Company - Private,3.2,113000.0,1.001,112887
"Chicago, IL",Company - Private,3.5,113000.0,1.001,112887
"Chicago, IL",Unknown,-1.0,113000.0,1.001,112887
"Chicago, IL",Company - Private,2.7,77500.0,1.001,77422
"Chicago, IL",Unknown,-1.0,77500.0,1.001,77422
"Chicago, IL",College / University,3.3,77500.0,1.001,77422
"Chicago, IL",Company - Public,3.3,77500.0,1.001,77422
"Chicago, IL",College / University,4.1,77500.0,1.001,77422
"Chicago, IL",Company - Private,2.8,77500.0,1.001,77422
"Chicago, IL",Unknown,-1.0,77500.0,1.001,77422
"Chicago, IL",Company - Private,-1.0,77500.0,1.001,77422
"Chicago, IL",Company - Public,3.9,77500.0,1.001,77422
"Chicago, IL",Company - Private,3.7,77500.0,1.001,77422
"Chicago, IL",Company - Private,3.8,77500.0,1.001,77422
"Chicago, IL",Unknown,-1.0,77500.0,1.001,77422
"Chicago, IL",Company - Private,4.0,77500.0,1.001,77422
"Houston, TX",Company - Private,4.1,33500.0,0.958,34968
"Houston, TX",Company - Private,2.8,33500.0,0.958,34968
"Houston, TX",Self-employed,3.0,33500.0,0.958,34968
"Houston, TX",Company - Private,3.5,33500.0,0.958,34968
"Houston, TX",Company - Public,3.6,33500.0,0.958,34968
"Houston, TX",Company - Private,3.9,33500.0,0.958,34968
"Houston, TX",Company - Private,3.9,33500.0,0.958,34968
"Houston, TX",Government,3.4,33500.0,0.958,34968
"Houston, TX",Company - Private,-1.0,33500.0,0.958,34968
"Houston, TX",Company - Private,4.8,33500.0,0.958,34968
"Houston, TX",Company - Private,3.1,33500.0,0.958,34968
"Houston, TX",Company - Public,3.2,33500.0,0.958,34968
"Houston, TX",Company - Private,4.0,33500.0,0.958,34968
"Houston, TX",Unknown,-1.0,33500.0,0.958,34968
"Houston, TX",Company - Private,4.1,33500.0,0.958,34968
"Houston, TX",Unknown,-1.0,33500.0,0.958,34968
"Houston, TX",Government,2.5,33500.0,0.958,34968
"Houston, TX",Company - Private,3.7,33500.0,0.958,34968
"Houston, TX",Company - Public,-1.0,33500.0,0.958,34968
"Houston, TX",Subsidiary or Business Segment,3.7,33500.0,0.958,34968
"Houston, TX",Company - Private,4.9,33500.0,0.958,34968
"Houston, TX",Company - Public,3.6,33500.0,0.958,34968
"Houston, TX",Company - Private,3.9,33500.0,0.958,34968
"Houston, TX",Company - Private,3.9,33500.0,0.958,34968
"Houston, TX",Company - Private,4.0,33500.0,0.958,34968
"Houston, TX",Company - Private,4.8,33500.0,0.958,34968
"Houston, TX",Company - Private,4.2,61500.0,0.958,64196
"Houston, TX",Company - Private,5.0,61500.0,0.958,64196
"Houston, TX",Company - Private,4.7,61500.0,0.958,64196
"Houston, TX",Subsidiary or Business Segment,2.5,61500.0,0.958,64196
"Houston, TX",Company - Private,4.8,61500.0,0.958,64196
"Houston, TX",Company - Private,1.0,61500.0,0.958,64196
"Houston, TX",Company - Private,2.4,61500.0,0.958,64196
"Houston, TX",Company - Private,3.3,61500.0,0.958,64196
"Houston, TX",Company - Public,3.8,61500.0,0.958,64196
"Houston, TX",Company - Public,3.5,61500.0,0.958,64196
"Houston, TX",Company - Private,3.5,61500.0,0.958,64196
"Houston, TX",Company - Private,3.0,61500.0,0.958,64196
"Houston, TX",Company - Private,5.0,61500.0,0.958,64196
"Houston, TX",Company - Private,2.0,61500.0,0.958,64196
"Houston, TX",Company - Public,3.5,61500.0,0.958,64196
"Houston, TX",Company - Private,4.1,61500.0,0.958,64196
"Houston, TX",Company - Private,4.6,61500.0,0.958,64196
"Houston, TX",Company - Private,3.6,61500.0,0.958,64196
"Houston, TX",Government,3.4,61500.0,0.958,64196
"Houston, TX",Company - Private,4.2,61500.0,0.958,64196
"Houston, TX",Government,3.6,61500.0,0.958,64196
"Houston, TX",Company - Public,3.7,61500.0,0.958,64196
"Houston, TX",Company - Private,2.9,61500.0,0.958,64196
"Houston, TX",Company - Public,3.3,61500.0,0.958,64196
"Houston, TX",Company - Private,2.8,61500.0,0.958,64196
"Houston, TX",Government,3.4,98500.0,0.958,102818
"Houston, TX",Company - Private,3.6,98500.0,0.958,102818
"Houston, TX",Company - Private,4.7,98500.0,0.958,102818
"Houston, TX",Company - Private,4.5,98500.0,0.958,102818
"Houston, TX",Company - Private,4.7,98500.0,0.958,102818
"Houston, TX",Company - Public,3.6,98500.0,0.958,102818
"Houston, TX",Company - Private,4.0,98500.0,0.958,102818
"Houston, TX",Company - Private,4.0,98500.0,0.958,102818
"Houston, TX",Company - Private,2.0,98500.0,0.958,102818
"Houston, TX",Company - Private,3.8,98500.0,0.958,102818
"Houston, TX",College / University,4.0,98500.0,0.958,102818
"Houston, TX",Company - Public,3.2,98500.0,0.958,102818
"Houston, TX",Company - Private,3.2,98500.0,0.958,102818
"Houston, TX",Company - Private,5.0,98500.0,0.958,102818
"Houston, TX",Contract,-1.0,98500.0,0.958,102818
"Houston, TX",Company - Private,3.7,98500.0,0.958,102818
"Houston, TX",Company - Private,3.8,98500.0,0.958,102818
"Houston, TX",Company - Private,3.0,98500.0,0.958,102818
"Houston, TX",Company - Private,3.3,98500.0,0.958,102818
"Houston, TX",Company - Private,4.8,98500.0,0.958,102818
"Houston, TX",Government,2.2,98500.0,0.958,102818
"Phoenix, AZ",Company - Private,4.4,73500.0,1.043,70469
"Phoenix, AZ",Company - Public,3.2,73500.0,1.043,70469
"Phoenix, AZ",Company - Private,3.7,73500.0,1.043,70469
"Phoenix, AZ",Company - Private,3.5,73500.0,1.043,70469
"Phoenix, AZ",Company - Public,3.2,73500.0,1.043,70469
"Phoenix, AZ",Company - Public,3.5,73500.0,1.043,70469
"Phoenix, AZ",Company - Private,4.9,73500.0,1.043,70469
"Phoenix, AZ",Company - Public,4.1,73500.0,1.043,70469
"Phoenix, AZ",Company - Public,3.6,73500.0,1.043,70469
"Phoenix, AZ",Subsidiary or Business Segment,3.2,73500.0,1.043,70469
"Phoenix, AZ",Company - Private,2.9,73500.0,1.043,70469
"Phoenix, AZ",Nonprofit Organization,3.6,73500.0,1.043,70469
"Phoenix, AZ",Company - Public,3.6,73500.0,1.043,70469
"Phoenix, AZ",Company - Public,3.6,73500.0,1.043,70469
"Phoenix, AZ",Company - Private,-1.0,74000.0,1.043,70949
"Phoenix, AZ",Company - Private,3.6,74000.0,1.043,70949
"Phoenix, AZ",Company - Private,3.9,74000.0,1.043,70949
"Phoenix, AZ",Company - Private,3.4,74000.0,1.043,70949
"Phoenix, AZ",Company - Private,3.4,74000.0,1.043,70949
"Phoenix, AZ",Company - Public,3.1,74000.0,1.043,70949
"Phoenix, AZ",Company - Private,-1.0,74000.0,1.043,70949
"Phoenix, AZ",Company - Public,3.1,74000.0,1.043,70949
"Phoenix, AZ",Company - Private,3.9,74000.0,1.043,70949
"Phoenix, AZ",Company - Private,5.0,74000.0,1.043,70949
"Phoenix, AZ",Unknown,-1.0,74000.0,1.043,70949
"Phoenix, AZ",Company - Private,3.0,74000.0,1.043,70949
"Phoenix, AZ",Company - Private,3.6,74000.0,1.043,70949
"Phoenix, AZ",Company - Private,4.0,74000.0,1.043,70949
"Phoenix, AZ",Subsidiary or Business Segment,3.5,74000.0,1.043,70949
"Phoenix, AZ",Company - Private,4.9,68500.0,1.043,65675
"Phoenix, AZ",Company - Private,3.9,68500.0,1.043,65675
"Phoenix, AZ",Company - Public,4.5,68500.0,1.043,65675
"Phoenix, AZ",Company - Private,4.4,68500.0,1.043,65675
"Phoenix, AZ",Company - Private,5.0,68500.0,1.043,65675
"Phoenix, AZ",Nonprofit Organization,3.1,61500.0,1.043,58964
"Philadelphia, PA",Company - Private,3.6,59500.0,1.034,57543
"Philadelphia, PA",Company - Private,4.7,59500.0,1.034,57543
"Philadelphia, PA",Company - Private,3.9,59500.0,1.034,57543
"Philadelphia, PA",Company - Private,3.8,59500.0,1.034,57543
"Philadelphia, PA",Company - Private,5.0,59500.0,1.034,57543
"Philadelphia, PA",Unknown,-1.0,59500.0,1.034,57543
"Philadelphia, PA",Company - Public,3.7,59500.0,1.034,57543
"Philadelphia, PA",Subsidiary or Business Segment,3.8,59500.0,1.034,57543
"Philadelphia, PA",Company - Private,4.2,59500.0,1.034,57543
"Philadelphia, PA",Company - Private,3.3,59500.0,1.034,57543
"Philadelphia, PA",Company - Private,3.3,59500.0,1.034,57543
"Philadelphia, PA",Company - Private,4.1,59500.0,1.034,57543
"Philadelphia, PA",College / University,4.3,59500.0,1.034,57543
"Philadelphia, PA",Company - Private,3.8,59500.0,1.034,57543
"Philadelphia, PA",Company - Private,3.6,59500.0,1.034,57543
"Philadelphia, PA",Company - Public,3.5,59500.0,1.034,57543
"Philadelphia, PA",Company - Private,3.2,53000.0,1.034,51257
"Philadelphia, PA",Nonprofit Organization,2.4,53000.0,1.034,51257
"Philadelphia, PA",College / University,4.3,53000.0,1.034,51257
"Philadelphia, PA",Company - Private,3.1,53000.0,1.034,51257
"Philadelphia, PA",Hospital,3.5,53000.0,1.034,51257
"Philadelphia, PA",Unknown,-1.0,53000.0,1.034,51257
"Philadelphia, PA",Company - Private,5.0,53000.0,1.034,51257
"Philadelphia, PA",Unknown,-1.0,53000.0,1.034,51257
"Philadelphia, PA",College / University,4.3,53000.0,1.034,51257
"Philadelphia, PA",Unknown,-1.0,53000.0,1.034,51257
"Philadelphia, PA",Company - Private,2.7,53000.0,1.034,51257
"Philadelphia, PA",Company - Private,3.9,53000.0,1.034,51257
"Philadelphia, PA",Nonprofit Organization,3.2,53000.0,1.034,51257
"Philadelphia, PA",Company - Private,4.1,53000.0,1.034,51257
"Philadelphia, PA",College / University,4.3,40500.0,1.034,39168
"Philadelphia, PA",Nonprofit Organization,3.7,40500.0,1.034,39168
"Philadelphia, PA",College / University,4.3,40500.0,1.034,39168
"Philadelphia, PA",Nonprofit Organization,2.4,40500.0,1.034,39168
"Philadelphia, PA",Company - Private,3.5,40500.0,1.034,39168
"Philadelphia, PA",Company - Private,3.2,40500.0,1.034,39168
"Philadelphia, PA",Company - Private,2.7,40500.0,1.034,39168
"Philadelphia, PA",Company - Private,-1.0,40500.0,1.034,39168
"Philadelphia, PA",Company - Private,3.6,40500.0,1.034,39168
"Philadelphia, PA",Company - Private,3.6,88500.0,1.034,85589
"Philadelphia, PA",Company - Private,4.4,88500.0,1.034,85589
"Philadelphia, PA",Company - Private,4.2,88500.0,1.034,85589
"Philadelphia, PA",Company - Public,3.7,88500.0,1.034,85589
"Philadelphia, PA",Subsidiary or Business Segment,4.3,88500.0,1.034,85589
"Philadelphia, PA",Subsidiary or Business Segment,3.7,88500.0,1.034,85589
"Philadelphia, PA",Company - Public,3.9,88500.0,1.034,85589
"Philadelphia, PA",Company - Private,3.6,88500.0,1.034,85589
"Philadelphia, PA",Unknown,-1.0,88500.0,1.034,85589
"Philadelphia, PA",Subsidiary or Business Segment,3.7,88500.0,1.034,85589
"Philadelphia, PA",Company - Private,2.8,88500.0,1.034,85589
"Philadelphia, PA",Company - Public,1.6,88500.0,1.034,85589
"Philadelphia, PA",Company - Private,2.7,88500.0,1.034,85589
"Philadelphia, PA",Company - Public,3.3,71500.0,1.034,69148
"Philadelphia, PA",Company - Private,3.1,71500.0,1.034,69148
"Philadelphia, PA",Company - Public,1.6,71500.0,1.034,69148
"Philadelphia, PA",Nonprofit Organization,4.0,71500.0,1.034,69148
"San Antonio, TX",Company - Private,3.9,52500.0,0.927,56634
"San Antonio, TX",Company - Private,3.4,52500.0,0.927,56634
"San Antonio, TX",Company - Private,4.0,52500.0,0.927,56634
"San Antonio, TX",Company - Private,3.1,52500.0,0.927,56634
"San Antonio, TX",Company - Private,3.0,52500.0,0.927,56634
"San Antonio, TX",Company - Private,3.9,52500.0,0.927,56634
"San Antonio, TX",Company - Private,3.9,52500.0,0.927,56634
"San Antonio, TX",Company - Public,3.7,52500.0,0.927,56634
"San Antonio, TX",Company - Private,4.1,52500.0,0.927,56634
"San Antonio, TX",Company - Private,3.4,52500.0,0.927,56634
"San Antonio, TX",Company - Private,3.4,52500.0,0.927,56634
"San Antonio, TX",Company - Private,4.3,52500.0,0.927,56634
"San Antonio, TX",Other Organization,2.5,52500.0,0.927,56634
"San Antonio, TX",Company - Private,4.0,52500.0,0.927,56634
"San Antonio, TX",Unknown,-1.0,52500.0,0.927,56634
"San Antonio, TX",Company - Private,2.8,52500.0,0.927,56634
"San Antonio, TX",Subsidiary or Business Segment,3.7,52500.0,0.927,56634
"San Antonio, TX",Company - Private,5.0,52500.0,0.927,56634
"San Antonio, TX",Company - Private,3.0,52500.0,0.927,56634
"San Antonio, TX",Company - Private,4.0,52500.0,0.927,56634
"San Antonio, TX",Company - Private,4.5,52500.0,0.927,56634
"San Antonio, TX",Company - Public,3.5,52500.0,0.927,56634
"San Antonio, TX",Company - Private,3.3,52500.0,0.927,56634
"San Antonio, TX",Nonprofit Organization,-1.0,52500.0,0.927,56634
"San Antonio, TX",Company - Public,4.1,52500.0,0.927,56634
"San Antonio, TX",Company - Private,2.9,52500.0,0.927,56634
"San Antonio, TX",Company - Private,3.7,52500.0,0.927,56634
"San Antonio, TX",Nonprofit Organization,4.0,52500.0,0.927,56634
"San Antonio, TX",Company - Private,4.0,52500.0,0.927,56634
"San Antonio, TX",Company - Private,3.3,81000.0,0.927,87378
"San Antonio, TX",Company - Private,-1.0,81000.0,0.927,87378
"San Antonio, TX",Unknown,2.6,81000.0,0.927,87378
"San Antonio, TX",Company - Private,3.3,81000.0,0.927,87378
"San Antonio, TX",Company - Private,3.9,81000.0,0.927,87378
"San Antonio, TX",Unknown,-1.0,81000.0,0.927,87378
"San Antonio, TX",Subsidiary or Business Segment,3.8,81000.0,0.927,87378
"San Antonio, TX",Company - Public,4.1,81000.0,0.927,87378
"San Antonio, TX",Company - Private,3.2,81000.0,0.927,87378
"San Antonio, TX",Company - Private,4.0,81000.0,0.927,87378
"San Antonio, TX",Nonprofit Organization,-1.0,81000.0,0.927,87378
"San Antonio, TX",Company - Private,3.9,81000.0,0.927,87378
"San Antonio, TX",Company - Private,4.4,81000.0,0.927,87378
"San Antonio, TX",Company - Private,3.3,81000.0,0.927,87378
"San Antonio, TX",Contract,3.1,81000.0,0.927,87378
"San Antonio, TX",Contract,3.1,81000.0,0.927,87378
"San Diego, CA",Company - Public,3.6,99000.0,1.3619999999999999,72687
"San Diego, CA",Subsidiary or Business Segment,3.3,99000.0,1.3619999999999999,72687
"San Diego, CA",College / University,4.3,99000.0,1.3619999999999999,72687
"San Diego, CA",Company - Public,3.0,99000.0,1.3619999999999999,72687
"San Diego, CA",Company - Private,4.5,99000.0,1.3619999999999999,72687
"San Diego, CA",Company - Private,3.7,99000.0,1.3619999999999999,72687
"San Diego, CA",College / University,4.2,99000.0,1.3619999999999999,72687
"San Diego, CA",Hospital,3.7,99000.0,1.3619999999999999,72687
"San Diego, CA",Company - Private,4.0,99000.0,1.3619999999999999,72687
"San Diego, CA",Company - Private,3.4,99000.0,1.3619999999999999,72687
"San Diego, CA",Company - Private,4.2,99000.0,1.3619999999999999,72687
"San Diego, CA",Company - Private,5.0,99000.0,1.3619999999999999,72687
"San Diego, CA",Company - Public,3.2,99000.0,1.3619999999999999,72687
"San Diego, CA",Company - Public,3.0,99000.0,1.3619999999999999,72687
"San Diego, CA",Company - Private,4.4,99000.0,1.3619999999999999,72687
"San Diego, CA",Company - Public,3.4,99000.0,1.3619999999999999,72687
"San Diego, CA",Company - Private,4.8,99000.0,1.3619999999999999,72687
"San Diego, CA",Nonprofit Organization,5.0,99000.0,1.3619999999999999,72687
"San Diego, CA",Company - Private,3.2,99000.0,1.3619999999999999,72687
"San Diego, CA",Company - Public,3.8,99000.0,1.3619999999999999,72687
"San Diego, CA",Company - Public,3.9,99000.0,1.3619999999999999,72687
"San Diego, CA",Company - Private,2.8,99000.0,1.3619999999999999,72687
"San Diego, CA",Company - Public,3.5,99000.0,1.3619999999999999,72687
"San Diego, CA",Company - Private,5.0,99000.0,1.3619999999999999,72687
"San Diego, CA",Nonprofit Organization,3.5,99000.0,1.3619999999999999,72687
"San Diego, CA",Company - Public,3.5,99000.0,1.3619999999999999,72687
"San Diego, CA",Company - Public,3.6,99000.0,1.3619999999999999,72687
"San Diego, CA",Company - Public,3.3,92000.0,1.3619999999999999,67547
"San Diego, CA",Company - Public,3.4,92000.0,1.3619999999999999,67547
"San Diego, CA",Nonprofit Organization,4.0,92000.0,1.3619999999999999,67547
"San Diego, CA",Company - Public,3.9,92000.0,1.3619999999999999,67547
"San Diego, CA",College / University,4.3,92000.0,1.3619999999999999,67547
"San Diego, CA",Company - Private,4.2,92000.0,1.3619999999999999,67547
"San Diego, CA",Company - Private,4.6,92000.0,1.3619999999999999,67547
"San Diego, CA",Company - Public,4.4,92000.0,1.3619999999999999,67547
"San Diego, CA",Unknown,-1.0,92000.0,1.3619999999999999,67547
"San Diego, CA",Hospital,3.7,92000.0,1.3619999999999999,67547
"San Diego, CA",Company - Private,2.3,92000.0,1.3619999999999999,67547
"San Diego, CA",Company - Public,4.4,92000.0,1.3619999999999999,67547
"San Diego, CA",Company - Public,3.3,92000.0,1.3619999999999999,67547
"San Diego, CA",Subsidiary or Business Segment,4.1,92000.0,1.3619999999999999,67547
"San Diego, CA",Company - Private,4.2,92000.0,1.3619999999999999,67547
"San Diego, CA",Nonprofit Organization,3.5,92000.0,1.3619999999999999,67547
"San Diego, CA",College / University,4.3,92000.0,1.3619999999999999,67547
"San Diego, CA",Company - Private,5.0,92000.0,1.3619999999999999,67547
"San Diego, CA",Company - Public,3.2,92000.0,1.3619999999999999,67547
"San Diego, CA",Subsidiary or Business Segment,3.5,92000.0,1.3619999999999999,67547
"San Diego, CA",Company - Public,3.3,92000.0,1.3619999999999999,67547
"San Diego, CA",College / University,4.3,92000.0,1.3619999999999999,67547
"San Diego, CA",Company - Private,2.5,92000.0,1.3619999999999999,67547
"San Diego, CA",Company - Public,-1.0,92000.0,1.3619999999999999,67547
"San Diego, CA",College / University,4.1,92000.0,1.3619999999999999,67547
"San Diego, CA",Company - Private,3.7,92000.0,1.3619999999999999,67547
"San Diego, CA",Hospital,3.7,92000.0,1.3619999999999999,67547
"San Diego, CA",Company - Private,4.2,92000.0,1.3619999999999999,67547
"San Diego, CA",Company - Private,4.9,92000.0,1.3619999999999999,67547
"San Diego, CA",Subsidiary or Business Segment,3.5,92000.0,1.3619999999999999,67547
"San Diego, CA",College / University,4.3,47500.0,1.3619999999999999,34875
"San Diego, CA",Company - Private,3.4,47500.0,1.3619999999999999,34875
"San Diego, CA",Company - Private,3.5,47500.0,1.3619999999999999,34875
"San Diego, CA",Company - Public,3.3,47500.0,1.3619999999999999,34875
"San Diego, CA",Company - Private,3.7,47500.0,1.3619999999999999,34875
"Dallas, TX",Nonprofit Organization,3.1,36000.0,0.985,36548
"Dallas, TX",Company - Private,4.9,36000.0,0.985,36548
"Dallas, TX",Company - Private,3.3,36000.0,0.985,36548
"Dallas, TX",Company - Private,3.9,36000.0,0.985,36548
"Dallas, TX",Company - Public,4.0,36000.0,0.985,36548
"Dallas, TX",Company - Private,3.7,36000.0,0.985,36548
"Dallas, TX",Company - Private,3.7,36000.0,0.985,36548
"Dallas, TX",Contract,3.8,36000.0,0.985,36548
"Dallas, TX",Company - Private,4.4,36000.0,0.985,36548
"Dallas, TX",Government,3.1,36000.0,0.985,36548
"Dallas, TX",Company - Public,4.0,36000.0,0.985,36548
"Dallas, TX",Company - Public,4.1,36000.0,0.985,36548
"Dallas, TX",Company - Private,3.3,36000.0,0.985,36548
"Dallas, TX",Company - Private,3.4,36000.0,0.985,36548
"Dallas, TX",Company - Private,2.8,36000.0,0.985,36548
"Dallas, TX",Nonprofit Organization,4.0,36000.0,0.985,36548
"Dallas, TX",Company - Private,5.0,36000.0,0.985,36548
"Dallas, TX",Company - Public,3.8,36000.0,0.985,36548
"Dallas, TX",Company - Private,3.8,41500.0,0.985,42131
"Dallas, TX",School / School District,3.3,41500.0,0.985,42131
"Dallas, TX",Company - Private,3.6,41500.0,0.985,42131
"Dallas, TX",Company - Public,4.1,41500.0,0.985,42131
"Dallas, TX",Company - Private,4.6,41500.0,0.985,42131
"Dallas, TX",School / School District,3.3,41500.0,0.985,42131
"Dallas, TX",Company - Private,3.6,41500.0,0.985,42131
"Dallas, TX",Government,4.1,41500.0,0.985,42131
"Dallas, TX",Unknown,-1.0,41500.0,0.985,42131
"Dallas, TX",Company - Private,3.8,41500.0,0.985,42131
"Dallas, TX",Company - Public,2.9,41500.0,0.985,42131
"Dallas, TX",Nonprofit Organization,3.6,41500.0,0.985,42131
"Dallas, TX",Company - Private,4.1,41500.0,0.985,42131
"Dallas, TX",Company - Public,3.8,41500.0,0.985,42131
"Dallas, TX",Company - Private,5.0,41500.0,0.985,42131
"Dallas, TX",Company - Private,-1.0,41500.0,0.985,42131
"Dallas, TX",Company - Public,4.0,41500.0,0.985,42131
"Dallas, TX",Company - Private,4.5,63500.0,0.985,64467
"Dallas, TX",Company - Private,3.2,63500.0,0.985,64467
"Dallas, TX",Company - Private,4.7,63500.0,0.985,64467
"Dallas, TX",Company - Private,3.8,63500.0,0.985,64467
"Dallas, TX",Company - Private,3.4,63500.0,0.985,64467
"Dallas, TX",Company - Private,3.4,63500.0,0.985,64467
"Dallas, TX",Company - Private,3.4,63500.0,0.985,64467
"Dallas, TX",Unknown,-1.0,63500.0,0.985,64467
"Dallas, TX",Company - Public,2.9,63500.0,0.985,64467
"Dallas, TX",Subsidiary or Business Segment,2.5,63500.0,0.985,64467
"Dallas, TX",Company - Private,2.8,63500.0,0.985,64467
"Dallas, TX",Company - Private,3.8,63000.0,0.985,63959
"Dallas, TX",Unknown,-1.0,63000.0,0.985,63959
"Dallas, TX",Company - Private,3.6,63000.0,0.985,63959
"Dallas, TX",Company - Public,2.1,63000.0,0.985,63959
"Dallas, TX",Subsidiary or Business Segment,2.5,63000.0,0.985,63959
"Dallas, TX",Company - Private,3.6,63000.0,0.985,63959
"Dallas, TX",Company - Private,-1.0,63000.0,0.985,63959
"Dallas, TX",Subsidiary or Business Segment,3.3,63000.0,0.985,63959
"Dallas, TX",Company - Private,-1.0,63000.0,0.985,63959
"Dallas, TX",Company - Private,5.0,63000.0,0.985,63959
"Dallas, TX",Company - Private,3.5,63000.0,0.985,63959
"Dallas, TX",Company - Private,4.2,63000.0,0.985,63959
"Dallas, TX",Subsidiary or Business Segment,3.0,68000.0,0.985,69035
"Dallas, TX",Company - Private,3.5,68000.0,0.985,69035
"Dallas, TX",Company - Private,4.5,68000.0,0.985,69035
"Dallas, TX",Contract,4.3,68000.0,0.985,69035
"Dallas, TX",Company - Private,3.1,68000.0,0.985,69035
"Dallas, TX",Company - Private,4.3,68000.0,0.985,69035
"Dallas, TX",Unknown,-1.0,61000.0,0.985,61928
"Dallas, TX",Unknown,-1.0,61000.0,0.985,61928
"San Jose, CA",Company - Public,3.5,150000.0,1.735,86455
"San Jose, CA",Unknown,-1.0,150000.0,1.735,86455
"San Jose, CA",Company - Private,3.9,150000.0,1.735,86455
"San Jose, CA",Company - Private,4.0,150000.0,1.735,86455
"San Jose, CA",Company - Private,3.1,150000.0,1.735,86455
"San Jose, CA",Unknown,-1.0,150000.0,1.735,86455
"San Jose, CA",Company - Private,3.9,150000.0,1.735,86455
"San Jose, CA",Company - Private,3.9,150000.0,1.735,86455
"San Jose, CA",Company - Private,5.0,120000.0,1.735,69164
"San Jose, CA",Company - Public,3.8,120000.0,1.735,69164
"San Jose, CA",Company - Private,3.7,120000.0,1.735,69164
"San Jose, CA",Company - Public,4.0,120000.0,1.735,69164
"San Jose, CA",Company - Private,4.0,120000.0,1.735,69164
"San Jose, CA",Company - Private,4.5,120000.0,1.735,69164
"San Jose, CA",Company - Private,4.1,120000.0,1.735,69164
"San Jose, CA",Company - Private,5.0,120000.0,1.735,69164
"San Jose, CA",Unknown,-1.0,120000.0,1.735,69164
"San Jose, CA",Company - Private,5.0,120000.0,1.735,69164
"San Jose, CA",Company - Private,4.1,120000.0,1.735,69164
"San Jose, CA",Company - Private,4.4,98000.0,1.735,56484
"San Jose, CA",Company - Public,4.1,98000.0,1.735,56484
"San Jose, CA",Company - Private,-1.0,98000.0,1.735,56484
"San Jose, CA",Company - Private,3.8,98000.0,1.735,56484
"San Jose, CA",Company - Private,4.7,98000.0,1.735,56484
"San Jose, CA",Company - Private,3.3,98000.0,1.735,56484
"San Jose, CA",Company - Private,4.4,98000.0,1.735,56484
"San Jose, CA",Company - Public,4.8,72000.0,1.735,41498
"San Jose, CA",Company - Public,4.1,72000.0,1.735,41498
"San Jose, CA",Company - Private,4.4,72000.0,1.735,41498
"San Jose, CA",Company - Public,4.1,72000.0,1.735,41498
"San Jose, CA",Company - Private,4.4,72000.0,1.735,41498
"San Jose, CA",Company - Private,3.5,75500.0,1.735,43515
"San Jose, CA",Company - Private,-1.0,75500.0,1.735,43515
"San Jose, CA",Company - Private,5.0,75500.0,1.735,43515
"San Jose, CA",Company - Public,4.1,75500.0,1.735,43515
"San Jose, CA",Company - Private,3.9,89500.0,1.735,51585
"San Jose, CA",Company - Private,3.9,89500.0,1.735,51585
"San Jose, CA",Unknown,-1.0,89500.0,1.735,51585
"Austin, TX",Company - Public,3.5,59000.0,1.0659999999999998,55347
"Austin, TX",Company - Private,2.8,59000.0,1.0659999999999998,55347
"Austin, TX",Company - Private,4.6,59000.0,1.0659999999999998,55347
"Austin, TX",Company - Private,2.6,59000.0,1.0659999999999998,55347
"Austin, TX",Company - Private,3.8,59000.0,1.0659999999999998,55347
"Austin, TX",Subsidiary or Business Segment,2.6,59000.0,1.0659999999999998,55347
"Austin, TX",Government,2.8,59000.0,1.0659999999999998,55347
"Austin, TX",Company - Private,4.6,59000.0,1.0659999999999998,55347
"Austin, TX",Company - Private,4.1,59000.0,1.0659999999999998,55347
"Austin, TX",Government,2.8,59000.0,1.0659999999999998,55347
"Austin, TX",Company - Public,4.1,59000.0,1.0659999999999998,55347
"Austin, TX",Company - Private,4.9,59000.0,1.0659999999999998,55347
"Austin, TX",Company - Private,4.7,59000.0,1.0659999999999998,55347
"Austin, TX",Government,3.6,59000.0,1.0659999999999998,55347
"Austin, TX",Government,3.9,59000.0,1.0659999999999998,55347
"Austin, TX",Government,2.8,59000.0,1.0659999999999998,55347
"Austin, TX",Company - Private,4.0,59000.0,1.0659999999999998,55347
"Austin, TX",Company - Public,3.4,59000.0,1.0659999999999998,55347
"Austin, TX",Company - Private,4.6,59000.0,1.0659999999999998,55347
"Austin, TX",Company - Private,4.3,59000.0,1.0659999999999998,55347
"Austin, TX",Company - Private,1.9,59000.0,1.0659999999999998,55347
"Austin, TX",Company - Private,5.0,59000.0,1.0659999999999998,55347
"Austin, TX",Company - Private,3.2,59000.0,1.0659999999999998,55347
"Austin, TX",Company - Private,3.8,59000.0,1.0659999999999998,55347
"Austin, TX",Company - Private,5.0,59000.0,1.0659999999999998,55347
"Austin, TX",Company - Private,4.0,59000.0,1.0659999999999998,55347
"Austin, TX",Company - Public,3.5,59000.0,1.0659999999999998,55347
"Austin, TX",Company - Public,4.5,78500.0,1.0659999999999998,73639
"Austin, TX",Company - Private,4.5,78500.0,1.0659999999999998,73639
"Austin, TX",Company - Private,3.3,78500.0,1.0659999999999998,73639
"Austin, TX",Government,4.6,78500.0,1.0659999999999998,73639
"Austin, TX",Government,2.8,78500.0,1.0659999999999998,73639
"Austin, TX",Company - Private,-1.0,78500.0,1.0659999999999998,73639
"Austin, TX",Company - Public,3.2,78500.0,1.0659999999999998,73639
"Austin, TX",Company - Private,3.7,78500.0,1.0659999999999998,73639
"Austin, TX",Company - Private,2.6,78500.0,1.0659999999999998,73639
"Austin, TX",Company - Private,2.8,78500.0,1.0659999999999998,73639
"Austin, TX",Government,2.8,78500.0,1.0659999999999998,73639
"Austin, TX",Unknown,-1.0,78500.0,1.0659999999999998,73639
"Austin, TX",Company - Private,4.4,78500.0,1.0659999999999998,73639
"Austin, TX",Company - Public,4.6,78500.0,1.0659999999999998,73639
"Austin, TX",Company - Private,3.9,78500.0,1.0659999999999998,73639
"Austin, TX",Government,2.8,78500.0,1.0659999999999998,73639
"Austin, TX",Company - Public,3.3,78500.0,1.0659999999999998,73639
"Austin, TX",Company - Private,2.5,78500.0,1.0659999999999998,73639
"Austin, TX",Company - Public,-1.0,78500.0,1.0659999999999998,73639
"Austin, TX",Company - Private,2.5,78500.0,1.0659999999999998,73639
"Austin, TX",Company - Private,3.7,78500.0,1.0659999999999998,73639
"Austin, TX",Company - Private,2.6,78500.0,1.0659999999999998,73639
"Austin, TX",Company - Public,3.3,78500.0,1.0659999999999998,73639
"Austin, TX",Company - Private,3.8,78500.0,1.0659999999999998,73639
"Austin, TX",Unknown,-1.0,78500.0,1.0659999999999998,73639
"Austin, TX",Company - Public,3.7,78500.0,1.0659999999999998,73639
"Austin, TX",Company - Public,2.7,38500.0,1.0659999999999998,36116
"Austin, TX",Nonprofit Organization,3.3,38500.0,1.0659999999999998,36116
"Austin, TX",Government,3.8,38500.0,1.0659999999999998,36116
"Austin, TX",Company - Private,3.5,38500.0,1.0659999999999998,36116
"Austin, TX",Nonprofit Organization,3.5,38500.0,1.0659999999999998,36116
"Austin, TX",Company - Private,3.8,38500.0,1.0659999999999998,36116
"Austin, TX",Company - Public,3.8,38500.0,1.0659999999999998,36116
"Austin, TX",Company - Private,3.7,38500.0,1.0659999999999998,36116
"Austin, TX",Unknown,3.0,38500.0,1.0659999999999998,36116
"Austin, TX",Company - Private,3.9,38500.0,1.0659999999999998,36116
"Austin, TX",Company - Public,3.1,38500.0,1.0659999999999998,36116
"Austin, TX",Company - Public,3.7,38500.0,1.0659999999999998,36116
"Austin, TX",Government,3.6,38500.0,1.0659999999999998,36116
"Austin, TX",Government,2.8,38500.0,1.0659999999999998,36116
"Austin, TX",Nonprofit Organization,3.3,38500.0,1.0659999999999998,36116
"Austin, TX",Company - Private,4.1,38500.0,1.0659999999999998,36116
"Austin, TX",Company - Private,3.3,38500.0,1.0659999999999998,36116
"Austin, TX",Company - Private,5.0,38500.0,1.0659999999999998,36116
"Austin, TX",Government,2.8,38500.0,1.0659999999999998,36116
"Austin, TX",Unknown,-1.0,38500.0,1.0659999999999998,36116
"Austin, TX",Company - Private,3.5,38500.0,1.0659999999999998,36116
"Austin, TX",Company - Private,3.5,38500.0,1.0659999999999998,36116
"Austin, TX",Company - Private,-1.0,38500.0,1.0659999999999998,36116
"Austin, TX",Unknown,-1.0,38500.0,1.0659999999999998,36116
"Austin, TX",Company - Public,3.3,38500.0,1.0659999999999998,36116
"Austin, TX",Government,2.8,38500.0,1.0659999999999998,36116
"Austin, TX",Government,2.8,60000.0,1.0659999999999998,56285
"Austin, TX",Government,3.4,60000.0,1.0659999999999998,56285
"Jacksonville, FL",Company - Private,3.0,56000.0,0.99,56565
"Jacksonville, FL",Company - Public,3.5,56000.0,0.99,56565
"Jacksonville, FL",Company - Public,3.5,56000.0,0.99,56565
"Jacksonville, FL",Company - Private,3.7,56000.0,0.99,56565
"Jacksonville, FL",Company - Private,5.0,56000.0,0.99,56565
"Jacksonville, FL",Company - Private,-1.0,56000.0,0.99,56565
"Jacksonville, FL",Company - Public,3.5,56000.0,0.99,56565
"Jacksonville, FL",Company - Public,3.5,56000.0,0.99,56565
"Jacksonville, FL",Company - Public,3.9,56000.0,0.99,56565
"Jacksonville, FL",Company - Private,5.0,56000.0,0.99,56565
"Jacksonville, FL",Company - Public,3.5,56000.0,0.99,56565
"Jacksonville, FL",Company - Private,5.0,56000.0,0.99,56565
"Jacksonville, FL",Unknown,-1.0,56000.0,0.99,56565
"Jacksonville, FL",Unknown,-1.0,56000.0,0.99,56565
"Jacksonville, FL",Company - Public,2.9,56000.0,0.99,56565
"Jacksonville, FL",Company - Private,5.0,56000.0,0.99,56565
"Jacksonville, FL",Company - Private,5.0,56000.0,0.99,56565
"Jacksonville, FL",Company - Private,3.9,56000.0,0.99,56565
"Jacksonville, FL",Unknown,-1.0,56000.0,0.99,56565
"Columbus, OH",Subsidiary or Business Segment,4.2,40000.0,0.9390000000000001,42598
"Columbus, OH",Company - Private,3.6,40000.0,0.9390000000000001,42598
"Columbus, OH",Nonprofit Organization,3.7,40000.0,0.9390000000000001,42598
"Columbus, OH",Company - Public,2.9,40000.0,0.9390000000000001,42598
"Columbus, OH",Company - Public,3.5,40000.0,0.9390000000000001,42598
"Columbus, OH",Company - Public,3.9,40000.0,0.9390000000000001,42598
"Columbus, OH",Unknown,-1.0,40000.0,0.9390000000000001,42598
"Columbus, OH",Company - Public,3.6,40000.0,0.9390000000000001,42598
"Columbus, OH",Company - Private,5.0,40000.0,0.9390000000000001,42598
"Columbus, OH",Nonprofit Organization,2.3,40000.0,0.9390000000000001,42598
"Columbus, OH",Nonprofit Organization,3.7,40000.0,0.9390000000000001,42598
"Columbus, OH",Company - Private,2.8,40000.0,0.9390000000000001,42598
"Columbus, OH",Company - Private,5.0,40000.0,0.9390000000000001,42598
"Columbus, OH",Company - Public,3.4,40000.0,0.9390000000000001,42598
"Columbus, OH",Company - Private,4.5,40000.0,0.9390000000000001,42598
"Columbus, OH",Company - Private,3.4,40000.0,0.9390000000000001,42598
"Columbus, OH",Unknown,-1.0,40000.0,0.9390000000000001,42598
"Columbus, OH",Company - Private,4.5,40000.0,0.9390000000000001,42598
"Columbus, OH",Company - Private,4.5,40000.0,0.9390000000000001,42598
"Columbus, OH",Nonprofit Organization,3.7,40000.0,0.9390000000000001,42598
"Columbus, OH",Company - Private,5.0,40000.0,0.9390000000000001,42598
"Columbus, OH",Company - Private,4.0,40000.0,0.9390000000000001,42598
"Columbus, OH",Company - Public,3.6,40000.0,0.9390000000000001,42598
"Columbus, OH",Company - Private,-1.0,66000.0,0.9390000000000001,70287
"Columbus, OH",Unknown,-1.0,66000.0,0.9390000000000001,70287
"Columbus, OH",Company - Private,3.4,66000.0,0.9390000000000001,70287
"Columbus, OH",Company - Public,3.4,66000.0,0.9390000000000001,70287
"Columbus, OH",Nonprofit Organization,3.7,66000.0,0.9390000000000001,70287
"Columbus, OH",Company - Public,3.9,66000.0,0.9390000000000001,70287
"Charlotte, NC",Company - Public,3.6,68000.0,0.9790000000000001,69458
"Charlotte, NC",Company - Public,3.8,68000.0,0.9790000000000001,69458
"Charlotte, NC",Company - Private,5.0,68000.0,0.9790000000000001,69458
"Charlotte, NC",Company - Public,3.9,68000.0,0.9790000000000001,69458
"Charlotte, NC",Company - Public,3.8,68000.0,0.9790000000000001,69458
"Charlotte, NC",Company - Private,3.4,68000.0,0.9790000000000001,69458
"Charlotte, NC",Company - Public,4.1,68000.0,0.9790000000000001,69458
"Charlotte, NC",Company - Private,4.1,68000.0,0.9790000000000001,69458
"Charlotte, NC",Subsidiary or Business Segment,3.9,68000.0,0.9790000000000001,69458
"Charlotte, NC",Company - Private,3.9,68000.0,0.9790000000000001,69458
"Charlotte, NC",Subsidiary or Business Segment,3.6,68000.0,0.9790000000000001,69458
"Charlotte, NC",Company - Private,3.4,68000.0,0.9790000000000001,69458
"Charlotte, NC",Subsidiary or Business Segment,3.6,68000.0,0.9790000000000001,69458
"Charlotte, NC",Company - Private,3.8,68000.0,0.9790000000000001,69458
"Charlotte, NC",Company - Private,3.6,68000.0,0.9790000000000001,69458
"Charlotte, NC",Company - Private,4.1,68000.0,0.9790000000000001,69458
"Charlotte, NC",Subsidiary or Business Segment,3.7,68000.0,0.9790000000000001,69458
"Charlotte, NC",Company - Public,3.5,68000.0,0.9790000000000001,69458
"Charlotte, NC",Company - Public,4.1,68000.0,0.9790000000000001,69458
"Charlotte, NC",Subsidiary or Business Segment,3.9,68000.0,0.9790000000000001,69458
"Charlotte, NC",Company - Private,5.0,68000.0,0.9790000000000001,69458
"Charlotte, NC",Company - Private,4.6,68000.0,0.9790000000000001,69458
"Charlotte, NC",Company - Private,3.2,68000.0,0.9790000000000001,69458
"Charlotte, NC",Subsidiary or Business Segment,3.9,68000.0,0.9790000000000001,69458
"Charlotte, NC",Unknown,-1.0,68000.0,0.9790000000000001,69458
"Charlotte, NC",Company - Private,4.7,68000.0,0.9790000000000001,69458
"Charlotte, NC",Company - Private,3.9,68000.0,0.9790000000000001,69458
"Charlotte, NC",Company - Private,3.2,68000.0,0.9790000000000001,69458
"Charlotte, NC",Company - Private,3.3,68000.0,0.9790000000000001,69458
"Charlotte, NC",Unknown,-1.0,64500.0,0.9790000000000001,65883
"Charlotte, NC",Company - Private,3.6,64500.0,0.9790000000000001,65883
"Charlotte, NC",Company - Public,3.4,64500.0,0.9790000000000001,65883
"Charlotte, NC",Subsidiary or Business Segment,3.8,64500.0,0.9790000000000001,65883
"Charlotte, NC",Company - Private,3.6,64500.0,0.9790000000000001,65883
"Charlotte, NC",Company - Private,3.7,64500.0,0.9790000000000001,65883
"Charlotte, NC",Company - Public,4.1,64500.0,0.9790000000000001,65883
"Charlotte, NC",Company - Public,3.5,64500.0,0.9790000000000001,65883
"Charlotte, NC",Company - Private,2.9,64500.0,0.9790000000000001,65883
"Charlotte, NC",Subsidiary or Business Segment,3.6,64500.0,0.9790000000000001,65883
"Charlotte, NC",Company - Private,4.6,64500.0,0.9790000000000001,65883
"Charlotte, NC",Company - Private,3.5,64500.0,0.9790000000000001,65883
"Charlotte, NC",Company - Private,4.3,64500.0,0.9790000000000001,65883
"Charlotte, NC",Company - Private,5.0,64500.0,0.9790000000000001,65883
"Charlotte, NC",Company - Private,-1.0,64500.0,0.9790000000000001,65883
"Charlotte, NC",Company - Public,3.2,64500.0,0.9790000000000001,65883
"Charlotte, NC",Company - Public,4.1,64500.0,0.9790000000000001,65883
"Charlotte, NC",Company - Public,3.4,64500.0,0.9790000000000001,65883
"Charlotte, NC",Unknown,4.0,64500.0,0.9790000000000001,65883
"Charlotte, NC",Subsidiary or Business Segment,3.9,64500.0,0.9790000000000001,65883
"Charlotte, NC",Company - Public,2.9,64500.0,0.9790000000000001,65883
"Charlotte, NC",Company - Private,4.0,64500.0,0.9790000000000001,65883
"Charlotte, NC",Other Organization,-1.0,64500.0,0.9790000000000001,65883
"Charlotte, NC",Subsidiary or Business Segment,3.6,76000.0,0.9790000000000001,77630
"Charlotte, NC",Company - Public,4.1,76000.0,0.9790000000000001,77630
"Charlotte, NC",Company - Private,3.3,76000.0,0.9790000000000001,77630
"Charlotte, NC",Company - Private,4.3,76000.0,0.9790000000000001,77630
"Charlotte, NC",Company - Private,2.3,76000.0,0.9790000000000001,77630
"Charlotte, NC",Company - Private,3.2,76000.0,0.9790000000000001,77630
"Charlotte, NC",Company - Private,-1.0,76000.0,0.9790000000000001,77630
"Charlotte, NC",Unknown,-1.0,76000.0,0.9790000000000001,77630
"Charlotte, NC",Company - Private,5.0,76000.0,0.9790000000000001,77630
"Charlotte, NC",Company - Private,1.8,76000.0,0.9790000000000001,77630
"Charlotte, NC",Company - Private,4.4,76000.0,0.9790000000000001,77630
"Charlotte, NC",Unknown,-1.0,76000.0,0.9790000000000001,77630
"Charlotte, NC",Unknown,-1.0,76000.0,0.9790000000000001,77630
"Charlotte, NC",Company - Private,4.1,76000.0,0.9790000000000001,77630
"Charlotte, NC",Other Organization,-1.0,76000.0,0.9790000000000001,77630
"Charlotte, NC",Unknown,-1.0,76000.0,0.9790000000000001,77630
"Charlotte, NC",Company - Private,3.8,76000.0,0.9790000000000001,77630
"Charlotte, NC",Company - Private,4.3,76000.0,0.9790000000000001,77630
"Charlotte, NC",Company - Public,3.7,76000.0,0.9790000000000001,77630
"Charlotte, NC",Company - Private,3.7,76000.0,0.9790000000000001,77630
"Charlotte, NC",Company - Public,3.1,57000.0,0.9790000000000001,58222
"Charlotte, NC",Other Organization,-1.0,57000.0,0.9790000000000001,58222
"Charlotte, NC",Company - Private,3.6,57000.0,0.9790000000000001,58222
"Charlotte, NC",Company - Public,3.8,57000.0,0.9790000000000001,58222
"Charlotte, NC",Subsidiary or Business Segment,3.6,57000.0,0.9790000000000001,58222
"Charlotte, NC",Company - Private,3.8,57000.0,0.9790000000000001,58222
"San Francisco, CA",Company - Public,4.0,80500.0,1.786,45072
"San Francisco, CA",Company - Public,3.9,80500.0,1.786,45072
"San Francisco, CA",Company - Public,4.0,80500.0,1.786,45072
"San Francisco, CA",Company - Private,4.6,80500.0,1.786,45072
"San Francisco, CA",Company - Private,3.3,80500.0,1.786,45072
"San Francisco, CA",Company - Private,4.1,80500.0,1.786,45072
"San Francisco, CA",Company - Private,4.1,80500.0,1.786,45072
"San Francisco, CA",Company - Private,4.8,80500.0,1.786,45072
"San Francisco, CA",Company - Private,3.7,80500.0,1.786,45072
"San Francisco, CA",Company - Public,3.6,80500.0,1.786,45072
"San Francisco, CA",Company - Private,3.6,80500.0,1.786,45072
"San Francisco, CA",Company - Private,3.9,80500.0,1.786,45072
"San Francisco, CA",Company - Private,3.8,80500.0,1.786,45072
"San Francisco, CA",Company - Private,4.0,80500.0,1.786,45072
"San Francisco, CA",Company - Private,5.0,80500.0,1.786,45072
"San Francisco, CA",Company - Private,4.9,80500.0,1.786,45072
"San Francisco, CA",Company - Private,4.6,80500.0,1.786,45072
"San Francisco, CA",Company - Private,3.8,80500.0,1.786,45072
"San Francisco, CA",Company - Public,3.7,80500.0,1.786,45072
"San Francisco, CA",Company - Private,4.5,80500.0,1.786,45072
"San Francisco, CA",Company - Private,2.3,80500.0,1.786,45072
"San Francisco, CA",Company - Private,-1.0,138500.0,1.786,77547
"San Francisco, CA",Company - Private,4.1,138500.0,1.786,77547
"San Francisco, CA",Company - Private,4.0,138500.0,1.786,77547
"San Francisco, CA",Company - Private,3.6,138500.0,1.786,77547
"San Francisco, CA",Company - Private,5.0,138500.0,1.786,77547
"San Francisco, CA",Company - Private,4.4,138500.0,1.786,77547
"San Francisco, CA",Company - Private,3.3,138500.0,1.786,77547
"San Francisco, CA",Unknown,-1.0,138500.0,1.786,77547
"San Francisco, CA",Company - Private,3.8,138500.0,1.786,77547
"San Francisco, CA",Company - Private,3.5,138500.0,1.786,77547
"San Francisco, CA",Hospital,4.1,138500.0,1.786,77547
"San Francisco, CA",Company - Private,4.6,138500.0,1.786,77547
"San Francisco, CA",Company - Public,4.3,138500.0,1.786,77547
"San Francisco, CA",Company - Private,5.0,138500.0,1.786,77547
"San Francisco, CA",Company - Public,-1.0,138500.0,1.786,77547
"San Francisco, CA",Company - Private,3.7,138500.0,1.786,77547
"San Francisco, CA",Company - Public,-1.0,138500.0,1.786,77547
"San Francisco, CA",Company - Private,4.0,138500.0,1.786,77547
"San Francisco, CA",Company - Private,3.9,138500.0,1.786,77547
"San Francisco, CA",Company - Private,3.6,138500.0,1.786,77547
"San Francisco, CA",Hospital,4.1,138500.0,1.786,77547
"San Francisco, CA",Company - Public,3.4,138500.0,1.786,77547
"San Francisco, CA",Company - Public,4.0,138500.0,1.786,77547
"San Francisco, CA",College / University,4.1,138500.0,1.786,77547
"San Francisco, CA",Company - Private,5.0,126000.0,1.786,70548
"San Francisco, CA",Company - Private,3.9,126000.0,1.786,70548
"San Francisco, CA",Company - Private,3.8,126000.0,1.786,70548
"San Francisco, CA",Company - Public,4.1,126000.0,1.786,70548
"San Francisco, CA",Other Organization,2.5,126000.0,1.786,70548
"San Francisco, CA",Company - Private,3.2,126000.0,1.786,70548
"San Francisco, CA",Company - Public,3.7,126000.0,1.786,70548
"San Francisco, CA",Company - Public,3.7,126000.0,1.786,70548
"San Francisco, CA",Company - Private,3.7,126000.0,1.786,70548
"San Francisco, CA",Company - Private,3.2,126000.0,1.786,70548
"San Francisco, CA",Company - Private,4.1,126000.0,1.786,70548
"San Francisco, CA",Company - Private,4.8,126000.0,1.786,70548
"San Francisco, CA",Company - Private,4.1,126000.0,1.786,70548
"San Francisco, CA",Company - Private,5.0,126000.0,1.786,70548
"San Francisco, CA",Company - Private,3.9,126000.0,1.786,70548
"San Francisco, CA",Company - Public,4.0,126000.0,1.786,70548
"San Francisco, CA",Company - Private,3.2,126000.0,1.786,70548
"San Francisco, CA",Company - Private,3.3,99000.0,1.786,55431
"San Francisco, CA",Company - Public,-1.0,99000.0,1.786,55431
"San Francisco, CA",Unknown,-1.0,99000.0,1.786,55431
"San Francisco, CA",Unknown,-1.0,99000.0,1.786,55431
"San Francisco, CA",Company - Private,3.8,99000.0,1.786,55431
"San Francisco, CA",Subsidiary or Business Segment,3.6,99000.0,1.786,55431
"San Francisco, CA",Company - Private,3.2,99000.0,1.786,55431
"San Francisco, CA",Company - Private,3.9,99000.0,1.786,55431
"San Francisco, CA",Company - Public,4.0,99000.0,1.786,55431
"San Francisco, CA",Company - Private,4.4,99000.0,1.786,55431
"San Francisco, CA",Company - Private,4.5,99000.0,1.786,55431
"San Francisco, CA",Unknown,-1.0,99000.0,1.786,55431
"San Francisco, CA",Company - Private,-1.0,99000.0,1.786,55431
"San Francisco, CA",Company - Private,3.2,99000.0,1.786,55431
"San Francisco, CA",Company - Private,3.7,92500.0,1.786,51791
"San Francisco, CA",Company - Private,-1.0,92500.0,1.786,51791
"San Francisco, CA",Company - Private,3.8,92500.0,1.786,51791
"San Francisco, CA",Company - Private,4.0,92500.0,1.786,51791
"San Francisco, CA",Company - Private,5.0,92500.0,1.786,51791
"San Francisco, CA",Subsidiary or Business Segment,2.8,92500.0,1.786,51791
"San Francisco, CA",Company - Private,3.7,92500.0,1.786,51791
"San Francisco, CA",Company - Private,4.6,92500.0,1.786,51791
"San Francisco, CA",Unknown,3.6,92500.0,1.786,51791
"San Francisco, CA",Company - Public,3.4,92500.0,1.786,51791
"San Francisco, CA",Company - Private,3.5,92500.0,1.786,51791
"San Francisco, CA",Company - Public,4.0,92500.0,1.786,51791
"San Francisco, CA",Company - Private,4.5,92500.0,1.786,51791
"San Francisco, CA",Company - Private,-1.0,92500.0,1.786,51791
"San Francisco, CA",Company - Private,3.9,92500.0,1.786,51791
"San Francisco, CA",Unknown,-1.0,92500.0,1.786,51791
"San Francisco, CA",Subsidiary or Business Segment,3.8,92500.0,1.786,51791
"San Francisco, CA",Nonprofit Organization,-1.0,92500.0,1.786,51791
"San Francisco, CA",Company - Private,5.0,66000.0,1.786,36954
"San Francisco, CA",Company - Private,4.5,66000.0,1.786,36954
"San Francisco, CA",Company - Private,4.8,66000.0,1.786,36954
"San Francisco, CA",Unknown,-1.0,66000.0,1.786,36954
"San Francisco, CA",Company - Private,-1.0,66000.0,1.786,36954
"San Francisco, CA",Company - Private,3.9,66000.0,1.786,36954
"San Francisco, CA",Company - Private,3.8,66000.0,1.786,36954
"San Francisco, CA",Company - Private,3.9,66000.0,1.786,36954
"San Francisco, CA",Company - Private,3.9,66000.0,1.786,36954
"San Francisco, CA",Company - Private,3.9,66000.0,1.786,36954
"San Francisco, CA",Company - Private,3.5,66000.0,1.786,36954
"San Francisco, CA",Company - Private,3.6,66000.0,1.786,36954
"San Francisco, CA",Company - Private,5.0,66000.0,1.786,36954
"San Francisco, CA",Company - Private,4.4,66000.0,1.786,36954
"San Francisco, CA",Company - Private,4.4,66000.0,1.786,36954
"San Francisco, CA",Company - Private,4.9,66000.0,1.786,36954
"San Francisco, CA",Company - Private,5.0,66000.0,1.786,36954
"San Francisco, CA",Company - Private,4.8,60500.0,1.786,33874
"San Francisco, CA",Nonprofit Organization,-1.0,60500.0,1.786,33874
"San Francisco, CA",Company - Public,3.6,60500.0,1.786,33874
"San Francisco, CA",Company - Private,3.0,60500.0,1.786,33874
"San Francisco, CA",Company - Private,3.0,60500.0,1.786,33874
"San Francisco, CA",Government,3.7,60500.0,1.786,33874
"San Francisco, CA",Unknown,-1.0,60500.0,1.786,33874
"San Francisco, CA",Company - Private,5.0,60500.0,1.786,33874
"Indianapolis, IN",Company - Public,3.3,47500.0,0.902,52660
"Indianapolis, IN",Company - Private,3.5,47500.0,0.902,52660
"Indianapolis, IN",Company - Private,4.2,47500.0,0.902,52660
"Indianapolis, IN",Company - Private,2.8,47500.0,0.902,52660
"Indianapolis, IN",Company - Private,3.8,47500.0,0.902,52660
"Indianapolis, IN",Company - Private,2.8,47500.0,0.902,52660
"Indianapolis, IN",Company - Private,5.0,47500.0,0.902,52660
"Indianapolis, IN",Company - Private,3.6,47500.0,0.902,52660
"Indianapolis, IN",Company - Private,3.6,47500.0,0.902,52660
"Indianapolis, IN",Company - Private,4.2,47500.0,0.902,52660
"Indianapolis, IN",Company - Private,4.6,47500.0,0.902,52660
"Indianapolis, IN",Company - Private,5.0,47500.0,0.902,52660
"Indianapolis, IN",Company - Public,3.1,47500.0,0.902,52660
"Indianapolis, IN",Company - Private,4.0,47500.0,0.902,52660
"Indianapolis, IN",Company - Private,3.4,47500.0,0.902,52660
"Indianapolis, IN",Company - Private,5.0,47500.0,0.902,52660
"Indianapolis, IN",Company - Private,2.8,47500.0,0.902,52660
"Seattle, WA",Company - Private,4.3,51000.0,1.246,40930
"Seattle, WA",Company - Private,3.3,51000.0,1.246,40930
"Seattle, WA",Company - Private,4.6,51000.0,1.246,40930
"Seattle, WA",Company - Public,3.6,51000.0,1.246,40930
"Seattle, WA",Company - Private,3.0,51000.0,1.246,40930
"Seattle, WA",Company - Private,3.5,51000.0,1.246,40930
"Seattle, WA",Unknown,-1.0,51000.0,1.246,40930
"Seattle, WA",Company - Public,3.7,51000.0,1.246,40930
"Seattle, WA",Company - Private,5.0,51000.0,1.246,40930
"Seattle, WA",Company - Private,5.0,51000.0,1.246,40930
"Seattle, WA",Nonprofit Organization,3.9,51000.0,1.246,40930
"Seattle, WA",Company - Private,3.8,51000.0,1.246,40930
"Seattle, WA",Company - Private,3.0,51000.0,1.246,40930
"Seattle, WA",Company - Private,3.5,51000.0,1.246,40930
"Seattle, WA",Company - Public,3.7,51000.0,1.246,40930
"Seattle, WA",Nonprofit Organization,3.9,78000.0,1.246,62600
"Seattle, WA",Unknown,-1.0,78000.0,1.246,62600
"Seattle, WA",Unknown,-1.0,78000.0,1.246,62600
"Seattle, WA",Company - Private,4.6,78000.0,1.246,62600
"Seattle, WA",Company - Private,5.0,78000.0,1.246,62600
"Seattle, WA",Company - Private,3.5,78000.0,1.246,62600
"Seattle, WA",Unknown,-1.0,78000.0,1.246,62600
"Seattle, WA",Nonprofit Organization,4.6,78000.0,1.246,62600
"Seattle, WA",Unknown,-1.0,78000.0,1.246,62600
"Seattle, WA",Company - Private,4.5,78000.0,1.246,62600
"Seattle, WA",Unknown,-1.0,78000.0,1.246,62600
"Seattle, WA",Company - Private,3.4,78000.0,1.246,62600
"Seattle, WA",College / University,4.1,78000.0,1.246,62600
"Seattle, WA",Unknown,-1.0,78000.0,1.246,62600
"Seattle, WA",Unknown,-1.0,78000.0,1.246,62600
"Athens, GA",College / University,4.2,44000.0,0.95,46315
"Athens, GA",Company - Private,5.0,44000.0,0.95,46315
"Athens, GA",Company - Private,5.0,44000.0,0.95,46315
"Athens, GA",Company - Private,5.0,44000.0,0.95,46315
"Topeka, KS",Company - Private,3.4,51500.0,0.856,60163
"Topeka, KS",Unknown,-1.0,51500.0,0.856,60163
"Denver, CO",Company - Public,3.8,62000.0,1.121,55307
"Denver, CO",Company - Public,4.0,62000.0,1.121,55307
"Denver, CO",Company - Private,3.6,62000.0,1.121,55307
"Denver, CO",Company - Public,4.0,62000.0,1.121,55307
"Denver, CO",Company - Private,3.8,62000.0,1.121,55307
"Denver, CO",Company - Private,3.1,62000.0,1.121,55307
"Denver, CO",Company - Private,4.3,62000.0,1.121,55307
"Denver, CO",Company - Public,2.9,62000.0,1.121,55307
"Boulder, CO",Company - Private,3.8,62000.0,1.187,52232
"Denver, CO",Company - Private,5.0,62000.0,1.121,55307
"Boulder, CO",Company - Private,3.9,62000.0,1.187,52232
"Denver, CO",Company - Private,3.4,62000.0,1.121,55307
"Denver, CO",Company - Private,4.0,62000.0,1.121,55307
"Denver, CO",Company - Private,3.3,62000.0,1.121,55307
"Denver, CO",Company - Private,5.0,62000.0,1.121,55307
"Denver, CO",Company - Private,3.7,62000.0,1.121,55307
"Denver, CO",Company - Private,3.6,62000.0,1.121,55307
"Denver, CO",Company - Private,5.0,62000.0,1.121,55307
"Denver, CO",Company - Private,5.0,62000.0,1.121,55307
"Denver, CO",Company - Private,3.5,70000.0,1.121,62444
"Denver, CO",Government,3.3,70000.0,1.121,62444
"Denver, CO",Company - Public,3.5,70000.0,1.121,62444
"Denver, CO",Company - Private,5.0,70000.0,1.121,62444
"Denver, CO",Company - Public,4.1,70000.0,1.121,62444
"Denver, CO",Government,3.5,70000.0,1.121,62444
"Denver, CO",Company - Private,3.0,70000.0,1.121,62444
"Denver, CO",Company - Private,3.5,70000.0,1.121,62444
"Denver, CO",Company - Private,2.6,70000.0,1.121,62444
"Denver, CO",Unknown,-1.0,70000.0,1.121,62444
"Denver, CO",Company - Private,2.5,70000.0,1.121,62444
"Boulder, CO",Company - Private,5.0,70000.0,1.187,58972
"Denver, CO",Company - Private,5.0,70000.0,1.121,62444
"Denver, CO",Government,4.3,70000.0,1.121,62444
"Denver, CO",Company - Private,3.7,78500.0,1.121,70026
"Denver, CO",Company - Private,2.5,78500.0,1.121,70026
"Denver, CO",Company - Private,4.2,78500.0,1.121,70026
"Denver, CO",Company - Private,4.1,78500.0,1.121,70026
"Denver, CO",Company - Private,5.0,78500.0,1.121,70026
"Denver, CO",Company - Private,4.3,78500.0,1.121,70026
"Denver, CO",Company - Private,4.1,78500.0,1.121,70026
"Denver, CO",Company - Private,5.0,78500.0,1.121,70026
"Denver, CO",Company - Private,3.3,78500.0,1.121,70026
"Denver, CO",Company - Private,2.5,78500.0,1.121,70026
"Denver, CO",Company - Private,4.3,78500.0,1.121,70026
"Denver, CO",Company - Private,2.5,91000.0,1.121,81177
"Denver, CO",Company - Private,2.5,91000.0,1.121,81177
"Denver, CO",Company - Private,2.5,91000.0,1.121,81177
"Denver, CO",Unknown,-1.0,91000.0,1.121,81177
"Denver, CO",Company - Private,2.5,91000.0,1.121,81177
"Denver, CO",Unknown,-1.0,91000.0,1.121,81177
